curve_id,curve_name,time,survival,x_pixel,y_pixel
1,Chemoradiotherapy alone,0.0,1.0,207.0,40.0
1,Chemoradiotherapy alone,2.734806629834254,0.988950276243094,207.0,40.0
1,Chemoradiotherapy alone,2.917127071823204,0.988950276243094,208.0,40.0
1,Chemoradiotherapy alone,3.0994475138121547,0.988950276243094,209.0,40.0
1,Chemoradiotherapy alone,3.281767955801105,0.988950276243094,210.0,40.0
1,Chemoradiotherapy alone,3.464088397790055,0.988950276243094,211.0,40.0
1,Chemoradiotherapy alone,3.6464088397790055,0.988950276243094,212.0,40.0
1,Chemoradiotherapy alone,3.8287292817679557,0.988950276243094,213.0,40.0
1,Chemoradiotherapy alone,4.011049723756906,0.988950276243094,214.0,40.0
1,Chemoradiotherapy alone,4.193370165745857,0.988950276243094,215.0,40.0
1,Chemoradiotherapy alone,4.375690607734806,0.988950276243094,216.0,40.0
1,Chemoradiotherapy alone,4.558011049723757,0.988950276243094,217.0,40.0
1,Chemoradiotherapy alone,4.740331491712707,0.988950276243094,218.0,40.0
1,Chemoradiotherapy alone,4.922651933701657,0.988950276243094,219.0,40.0
1,Chemoradiotherapy alone,5.104972375690608,0.988950276243094,220.0,40.0
1,Chemoradiotherapy alone,5.287292817679559,0.988950276243094,221.0,40.0
1,Chemoradiotherapy alone,5.469613259668508,0.988950276243094,222.0,40.0
1,Chemoradiotherapy alone,5.651933701657459,0.988950276243094,223.0,40.0
1,Chemoradiotherapy alone,5.834254143646408,0.988950276243094,224.0,40.0
1,Chemoradiotherapy alone,6.016574585635359,0.988950276243094,225.0,40.0
1,Chemoradiotherapy alone,6.198895027624309,0.988950276243094,226.0,40.0
1,Chemoradiotherapy alone,6.3812154696132595,0.988950276243094,227.0,40.0
1,Chemoradiotherapy alone,6.56353591160221,0.988950276243094,228.0,40.0
1,Chemoradiotherapy alone,6.745856353591161,0.988950276243094,229.0,40.0
1,Chemoradiotherapy alone,6.92817679558011,0.988950276243094,230.0,40.0
1,Chemoradiotherapy alone,7.110497237569061,0.988950276243094,231.0,40.0
1,Chemoradiotherapy alone,7.292817679558011,0.988950276243094,232.0,40.0
1,Chemoradiotherapy alone,7.475138121546961,0.988950276243094,233.0,40.0
1,Chemoradiotherapy alone,7.657458563535911,0.988950276243094,234.0,40.0
1,Chemoradiotherapy alone,7.839779005524862,0.988950276243094,235.0,40.0
1,Chemoradiotherapy alone,8.022099447513812,0.988950276243094,236.0,40.0
1,Chemoradiotherapy alone,8.204419889502763,0.988950276243094,237.0,40.0
1,Chemoradiotherapy alone,8.386740331491714,0.988950276243094,238.0,40.0
1,Chemoradiotherapy alone,8.569060773480663,0.988950276243094,239.0,40.0
1,Chemoradiotherapy alone,8.751381215469612,0.988950276243094,240.0,40.0
1,Chemoradiotherapy alone,8.933701657458563,0.988950276243094,241.0,40.0
1,Chemoradiotherapy alone,9.116022099447514,0.988950276243094,242.0,40.0
1,Chemoradiotherapy alone,9.298342541436464,0.988950276243094,243.0,40.0
1,Chemoradiotherapy alone,9.480662983425415,0.9779005524861879,244.0,40.0
1,Chemoradiotherapy alone,9.662983425414364,0.9779005524861879,245.0,44.0
1,Chemoradiotherapy alone,9.845303867403315,0.9779005524861879,246.0,44.0
1,Chemoradiotherapy alone,10.027624309392266,0.9779005524861879,247.0,44.0
1,Chemoradiotherapy alone,10.209944751381215,0.9779005524861879,248.0,44.0
1,Chemoradiotherapy alone,10.392265193370164,0.9779005524861879,249.0,44.0
1,Chemoradiotherapy alone,10.574585635359117,0.9696132596685082,250.0,44.0
1,Chemoradiotherapy alone,10.756906077348066,0.9696132596685082,251.0,47.0
1,Chemoradiotherapy alone,10.939226519337016,0.9696132596685082,252.0,47.0
1,Chemoradiotherapy alone,11.121546961325969,0.9696132596685082,253.0,47.0
1,Chemoradiotherapy alone,11.303867403314918,0.9696132596685082,254.0,47.0
1,Chemoradiotherapy alone,11.486187845303867,0.9696132596685082,255.0,47.0
1,Chemoradiotherapy alone,11.668508287292816,0.9696132596685082,256.0,47.0
1,Chemoradiotherapy alone,11.85082872928177,0.9640883977900552,257.0,47.0
1,Chemoradiotherapy alone,12.033149171270718,0.9640883977900552,258.0,49.0
1,Chemoradiotherapy alone,12.215469613259668,0.9640883977900552,259.0,49.0
1,Chemoradiotherapy alone,12.397790055248619,0.9640883977900552,260.0,48.0
1,Chemoradiotherapy alone,12.58011049723757,0.9640883977900552,261.0,48.0
1,Chemoradiotherapy alone,12.762430939226519,0.9585635359116023,262.0,48.0
1,Chemoradiotherapy alone,12.94475138121547,0.9585635359116023,263.0,51.0
1,Chemoradiotherapy alone,13.12707182320442,0.9558011049723757,264.0,50.0
1,Chemoradiotherapy alone,13.30939226519337,0.9558011049723757,265.0,52.0
1,Chemoradiotherapy alone,13.491712707182321,0.9502762430939227,266.0,52.0
1,Chemoradiotherapy alone,13.67403314917127,0.9502762430939227,267.0,54.0
1,Chemoradiotherapy alone,13.85635359116022,0.9475138121546961,268.0,54.0
1,Chemoradiotherapy alone,14.038674033149173,0.9475138121546961,269.0,55.0
1,Chemoradiotherapy alone,14.220994475138122,0.9475138121546961,270.0,54.0
1,Chemoradiotherapy alone,14.403314917127071,0.9475138121546961,271.0,54.0
1,Chemoradiotherapy alone,14.585635359116022,0.9475138121546961,272.0,54.0
1,Chemoradiotherapy alone,14.767955801104973,0.9475138121546961,273.0,54.0
1,Chemoradiotherapy alone,14.950276243093922,0.9475138121546961,274.0,54.0
1,Chemoradiotherapy alone,15.132596685082873,0.9392265193370166,275.0,54.0
1,Chemoradiotherapy alone,15.314917127071823,0.9392265193370166,276.0,57.0
1,Chemoradiotherapy alone,15.497237569060774,0.9392265193370166,277.0,58.0
1,Chemoradiotherapy alone,15.679558011049725,0.9392265193370166,278.0,58.0
1,Chemoradiotherapy alone,15.861878453038674,0.9392265193370166,279.0,58.0
1,Chemoradiotherapy alone,16.044198895027623,0.9226519337016574,280.0,58.0
1,Chemoradiotherapy alone,16.226519337016576,0.9226519337016574,281.0,60.0
1,Chemoradiotherapy alone,16.408839779005525,0.9226519337016574,282.0,64.0
1,Chemoradiotherapy alone,16.591160220994478,0.9226519337016574,283.0,64.0
1,Chemoradiotherapy alone,16.773480662983427,0.9226519337016574,284.0,64.0
1,Chemoradiotherapy alone,16.955801104972377,0.9226519337016574,285.0,64.0
1,Chemoradiotherapy alone,17.138121546961326,0.9226519337016574,286.0,64.0
1,Chemoradiotherapy alone,17.320441988950275,0.9226519337016574,287.0,64.0
1,Chemoradiotherapy alone,17.502762430939224,0.9171270718232044,288.0,64.0
1,Chemoradiotherapy alone,17.685082872928177,0.9171270718232044,289.0,66.0
1,Chemoradiotherapy alone,17.867403314917127,0.8922651933701657,290.0,66.0
1,Chemoradiotherapy alone,18.04972375690608,0.8922651933701657,291.0,67.0
1,Chemoradiotherapy alone,18.23204419889503,0.8922651933701657,292.0,69.0
1,Chemoradiotherapy alone,18.414364640883978,0.8922651933701657,293.0,71.0
1,Chemoradiotherapy alone,18.596685082872927,0.8922651933701657,294.0,75.0
1,Chemoradiotherapy alone,18.77900552486188,0.8922651933701657,295.0,75.0
1,Chemoradiotherapy alone,18.96132596685083,0.8922651933701657,296.0,75.0
1,Chemoradiotherapy alone,19.14364640883978,0.8922651933701657,297.0,75.0
1,Chemoradiotherapy alone,19.325966850828728,0.8922651933701657,298.0,75.0
1,Chemoradiotherapy alone,19.50828729281768,0.8867403314917126,299.0,75.0
1,Chemoradiotherapy alone,19.69060773480663,0.8867403314917126,300.0,77.0
1,Chemoradiotherapy alone,19.87292817679558,0.8867403314917126,301.0,77.0
1,Chemoradiotherapy alone,20.055248618784532,0.8867403314917126,302.0,77.0
1,Chemoradiotherapy alone,20.23756906077348,0.8867403314917126,303.0,77.0
1,Chemoradiotherapy alone,20.41988950276243,0.8867403314917126,304.0,77.0
1,Chemoradiotherapy alone,20.60220994475138,0.8867403314917126,305.0,77.0
1,Chemoradiotherapy alone,20.78453038674033,0.8812154696132596,306.0,77.0
1,Chemoradiotherapy alone,20.96685082872928,0.8812154696132596,307.0,79.0
1,Chemoradiotherapy alone,21.149171270718234,0.8812154696132596,308.0,78.0
1,Chemoradiotherapy alone,21.331491712707184,0.8812154696132596,309.0,79.0
1,Chemoradiotherapy alone,21.513812154696133,0.8812154696132596,310.0,79.0
1,Chemoradiotherapy alone,21.696132596685082,0.8812154696132596,311.0,79.0
1,Chemoradiotherapy alone,21.87845303867403,0.8701657458563535,312.0,79.0
1,Chemoradiotherapy alone,22.06077348066298,0.8701657458563535,313.0,83.0
1,Chemoradiotherapy alone,22.243093922651937,0.8701657458563535,314.0,83.0
1,Chemoradiotherapy alone,22.425414364640886,0.8701657458563535,315.0,81.0
1,Chemoradiotherapy alone,22.607734806629836,0.8701657458563535,316.0,83.0
1,Chemoradiotherapy alone,22.790055248618785,0.8701657458563535,317.0,83.0
1,Chemoradiotherapy alone,22.972375690607734,0.8646408839779005,318.0,83.0
1,Chemoradiotherapy alone,23.154696132596683,0.8646408839779005,319.0,85.0
1,Chemoradiotherapy alone,23.337016574585633,0.8646408839779005,320.0,84.0
1,Chemoradiotherapy alone,23.519337016574585,0.8646408839779005,321.0,85.0
1,Chemoradiotherapy alone,23.70165745856354,0.8646408839779005,322.0,85.0
1,Chemoradiotherapy alone,23.883977900552487,0.861878453038674,323.0,85.0
1,Chemoradiotherapy alone,24.066298342541437,0.861878453038674,324.0,86.0
1,Chemoradiotherapy alone,24.248618784530386,0.861878453038674,325.0,86.0
1,Chemoradiotherapy alone,24.430939226519335,0.861878453038674,326.0,85.0
1,Chemoradiotherapy alone,24.613259668508288,0.8591160220994475,327.0,85.0
1,Chemoradiotherapy alone,24.795580110497237,0.8591160220994475,328.0,87.0
1,Chemoradiotherapy alone,24.977900552486187,0.8591160220994475,329.0,87.0
1,Chemoradiotherapy alone,25.16022099447514,0.8591160220994475,330.0,87.0
1,Chemoradiotherapy alone,25.34254143646409,0.8591160220994475,331.0,87.0
1,Chemoradiotherapy alone,25.524861878453038,0.856353591160221,332.0,87.0
1,Chemoradiotherapy alone,25.70718232044199,0.856353591160221,333.0,88.0
1,Chemoradiotherapy alone,25.88950276243094,0.856353591160221,334.0,88.0
1,Chemoradiotherapy alone,26.07182320441989,0.856353591160221,335.0,88.0
1,Chemoradiotherapy alone,26.25414364640884,0.850828729281768,336.0,88.0
1,Chemoradiotherapy alone,26.436464088397788,0.850828729281768,337.0,90.0
1,Chemoradiotherapy alone,26.61878453038674,0.850828729281768,338.0,90.0
1,Chemoradiotherapy alone,26.801104972375693,0.850828729281768,339.0,90.0
1,Chemoradiotherapy alone,26.983425414364643,0.850828729281768,340.0,90.0
1,Chemoradiotherapy alone,27.165745856353592,0.850828729281768,341.0,90.0
1,Chemoradiotherapy alone,27.34806629834254,0.850828729281768,342.0,90.0
1,Chemoradiotherapy alone,27.53038674033149,0.845303867403315,343.0,90.0
1,Chemoradiotherapy alone,27.71270718232044,0.845303867403315,344.0,92.0
1,Chemoradiotherapy alone,27.895027624309392,0.845303867403315,345.0,92.0
1,Chemoradiotherapy alone,28.077348066298345,0.845303867403315,346.0,92.0
1,Chemoradiotherapy alone,28.259668508287294,0.8370165745856353,347.0,92.0
1,Chemoradiotherapy alone,28.441988950276244,0.8370165745856353,348.0,95.0
1,Chemoradiotherapy alone,28.624309392265193,0.8370165745856353,349.0,95.0
1,Chemoradiotherapy alone,28.806629834254142,0.8370165745856353,350.0,95.0
1,Chemoradiotherapy alone,28.98895027624309,0.8370165745856353,351.0,95.0
1,Chemoradiotherapy alone,29.171270718232044,0.8370165745856353,352.0,95.0
1,Chemoradiotherapy alone,29.353591160220994,0.8370165745856353,353.0,95.0
1,Chemoradiotherapy alone,29.535911602209946,0.8314917127071823,354.0,95.0
1,Chemoradiotherapy alone,29.718232044198896,0.8314917127071823,355.0,97.0
1,Chemoradiotherapy alone,29.900552486187845,0.8314917127071823,356.0,97.0
1,Chemoradiotherapy alone,30.082872928176794,0.8314917127071823,357.0,97.0
1,Chemoradiotherapy alone,30.265193370165747,0.8314917127071823,358.0,97.0
1,Chemoradiotherapy alone,30.447513812154696,0.8314917127071823,359.0,97.0
1,Chemoradiotherapy alone,30.629834254143645,0.8314917127071823,360.0,97.0
1,Chemoradiotherapy alone,30.812154696132595,0.8232044198895028,361.0,97.0
1,Chemoradiotherapy alone,30.994475138121548,0.8232044198895028,362.0,100.0
1,Chemoradiotherapy alone,31.176795580110497,0.8149171270718232,363.0,100.0
1,Chemoradiotherapy alone,31.35911602209945,0.8149171270718232,364.0,101.0
1,Chemoradiotherapy alone,31.5414364640884,0.8149171270718232,365.0,102.0
1,Chemoradiotherapy alone,31.723756906077348,0.8149171270718232,366.0,103.0
1,Chemoradiotherapy alone,31.906077348066297,0.8149171270718232,367.0,103.0
1,Chemoradiotherapy alone,32.08839779005525,0.8149171270718232,368.0,103.0
1,Chemoradiotherapy alone,32.270718232044196,0.8149171270718232,369.0,100.0
1,Chemoradiotherapy alone,32.45303867403315,0.8149171270718232,370.0,102.0
1,Chemoradiotherapy alone,32.6353591160221,0.8149171270718232,371.0,102.0
1,Chemoradiotherapy alone,32.81767955801105,0.8149171270718232,372.0,102.0
1,Chemoradiotherapy alone,33.0,0.8121546961325967,373.0,102.0
1,Chemoradiotherapy alone,33.182320441988956,0.8121546961325967,374.0,104.0
1,Chemoradiotherapy alone,33.3646408839779,0.8121546961325967,375.0,104.0
1,Chemoradiotherapy alone,33.546961325966855,0.8121546961325967,376.0,104.0
1,Chemoradiotherapy alone,33.7292817679558,0.8121546961325967,377.0,104.0
1,Chemoradiotherapy alone,33.91160220994475,0.8121546961325967,378.0,104.0
1,Chemoradiotherapy alone,34.093922651933696,0.8121546961325967,379.0,104.0
1,Chemoradiotherapy alone,34.27624309392265,0.8121546961325967,380.0,104.0
1,Chemoradiotherapy alone,34.45856353591161,0.8121546961325967,381.0,104.0
1,Chemoradiotherapy alone,34.64088397790055,0.8093922651933702,382.0,104.0
1,Chemoradiotherapy alone,34.82320441988951,0.8093922651933702,383.0,105.0
1,Chemoradiotherapy alone,35.00552486187845,0.8093922651933702,384.0,105.0
1,Chemoradiotherapy alone,35.187845303867405,0.8011049723756907,385.0,105.0
1,Chemoradiotherapy alone,35.370165745856355,0.8011049723756907,386.0,106.0
1,Chemoradiotherapy alone,35.552486187845304,0.8011049723756907,387.0,108.0
1,Chemoradiotherapy alone,35.73480662983425,0.8011049723756907,388.0,108.0
1,Chemoradiotherapy alone,35.9171270718232,0.8011049723756907,389.0,108.0
1,Chemoradiotherapy alone,36.09944751381216,0.8011049723756907,390.0,108.0
1,Chemoradiotherapy alone,36.2817679558011,0.8011049723756907,391.0,108.0
1,Chemoradiotherapy alone,36.46408839779006,0.8011049723756907,392.0,108.0
1,Chemoradiotherapy alone,36.646408839779006,0.7955801104972376,393.0,108.0
1,Chemoradiotherapy alone,36.828729281767956,0.7955801104972376,394.0,109.0
1,Chemoradiotherapy alone,37.011049723756905,0.7955801104972376,395.0,110.0
1,Chemoradiotherapy alone,37.193370165745854,0.7955801104972376,396.0,110.0
1,Chemoradiotherapy alone,37.37569060773481,0.7955801104972376,397.0,110.0
1,Chemoradiotherapy alone,37.55801104972376,0.7955801104972376,398.0,110.0
1,Chemoradiotherapy alone,37.74033149171271,0.7955801104972376,399.0,110.0
1,Chemoradiotherapy alone,37.92265193370166,0.7955801104972376,400.0,110.0
1,Chemoradiotherapy alone,38.10497237569061,0.7955801104972376,401.0,110.0
1,Chemoradiotherapy alone,38.28729281767956,0.7955801104972376,402.0,110.0
1,Chemoradiotherapy alone,38.469613259668506,0.7955801104972376,403.0,110.0
1,Chemoradiotherapy alone,38.651933701657455,0.7872928176795579,404.0,110.0
1,Chemoradiotherapy alone,38.83425414364641,0.7872928176795579,405.0,113.0
1,Chemoradiotherapy alone,39.01657458563536,0.7872928176795579,406.0,113.0
1,Chemoradiotherapy alone,39.19889502762431,0.7817679558011049,407.0,113.0
1,Chemoradiotherapy alone,39.38121546961326,0.7817679558011049,408.0,114.0
1,Chemoradiotherapy alone,39.56353591160221,0.7817679558011049,409.0,115.0
1,Chemoradiotherapy alone,39.74585635359116,0.7817679558011049,410.0,115.0
1,Chemoradiotherapy alone,39.92817679558011,0.7817679558011049,411.0,115.0
1,Chemoradiotherapy alone,40.110497237569064,0.7817679558011049,412.0,115.0
1,Chemoradiotherapy alone,40.29281767955801,0.7817679558011049,413.0,115.0
1,Chemoradiotherapy alone,40.47513812154696,0.7762430939226519,414.0,115.0
1,Chemoradiotherapy alone,40.65745856353591,0.7762430939226519,415.0,117.0
1,Chemoradiotherapy alone,40.83977900552486,0.7762430939226519,416.0,115.0
1,Chemoradiotherapy alone,41.02209944751382,0.7762430939226519,417.0,115.0
1,Chemoradiotherapy alone,41.20441988950276,0.7762430939226519,418.0,115.0
1,Chemoradiotherapy alone,41.386740331491715,0.7762430939226519,419.0,115.0
1,Chemoradiotherapy alone,41.56906077348066,0.7762430939226519,420.0,115.0
1,Chemoradiotherapy alone,41.751381215469614,0.7762430939226519,421.0,115.0
1,Chemoradiotherapy alone,41.93370165745856,0.7762430939226519,422.0,115.0
1,Chemoradiotherapy alone,42.11602209944751,0.7762430939226519,423.0,117.0
1,Chemoradiotherapy alone,42.29834254143647,0.7762430939226519,424.0,115.0
1,Chemoradiotherapy alone,42.48066298342541,0.7762430939226519,425.0,115.0
1,Chemoradiotherapy alone,42.66298342541437,0.7762430939226519,426.0,115.0
1,Chemoradiotherapy alone,42.84530386740331,0.7762430939226519,427.0,115.0
1,Chemoradiotherapy alone,43.027624309392266,0.7762430939226519,428.0,115.0
1,Chemoradiotherapy alone,43.209944751381215,0.7762430939226519,429.0,117.0
1,Chemoradiotherapy alone,43.392265193370164,0.7762430939226519,430.0,117.0
1,Chemoradiotherapy alone,43.57458563535912,0.7707182320441989,431.0,117.0
1,Chemoradiotherapy alone,43.75690607734806,0.7707182320441989,432.0,119.0
1,Chemoradiotherapy alone,43.93922651933702,0.7707182320441989,433.0,119.0
1,Chemoradiotherapy alone,44.12154696132596,0.7707182320441989,434.0,117.0
1,Chemoradiotherapy alone,44.30386740331492,0.7707182320441989,435.0,119.0
1,Chemoradiotherapy alone,44.486187845303874,0.7707182320441989,436.0,119.0
1,Chemoradiotherapy alone,44.668508287292816,0.7707182320441989,437.0,117.0
1,Chemoradiotherapy alone,44.85082872928177,0.7707182320441989,438.0,117.0
1,Chemoradiotherapy alone,45.033149171270715,0.7707182320441989,439.0,117.0
1,Chemoradiotherapy alone,45.21546961325967,0.7707182320441989,440.0,119.0
1,Chemoradiotherapy alone,45.39779005524861,0.7707182320441989,441.0,119.0
1,Chemoradiotherapy alone,45.58011049723757,0.7707182320441989,442.0,119.0
1,Chemoradiotherapy alone,45.76243093922652,0.7707182320441989,443.0,117.0
1,Chemoradiotherapy alone,45.94475138121547,0.7707182320441989,444.0,117.0
1,Chemoradiotherapy alone,46.127071823204425,0.7707182320441989,445.0,117.0
1,Chemoradiotherapy alone,46.30939226519337,0.7707182320441989,446.0,117.0
1,Chemoradiotherapy alone,46.49171270718232,0.7707182320441989,447.0,117.0
1,Chemoradiotherapy alone,46.674033149171265,0.7707182320441989,448.0,117.0
1,Chemoradiotherapy alone,46.85635359116022,0.7707182320441989,449.0,117.0
1,Chemoradiotherapy alone,47.03867403314917,0.7707182320441989,450.0,119.0
1,Chemoradiotherapy alone,47.22099447513812,0.7707182320441989,451.0,119.0
1,Chemoradiotherapy alone,47.40331491712708,0.7596685082872928,452.0,119.0
1,Chemoradiotherapy alone,47.58563535911602,0.7596685082872928,453.0,121.0
1,Chemoradiotherapy alone,47.767955801104975,0.7596685082872928,454.0,123.0
1,Chemoradiotherapy alone,47.950276243093924,0.7569060773480664,455.0,123.0
1,Chemoradiotherapy alone,48.13259668508287,0.7569060773480664,456.0,124.0
1,Chemoradiotherapy alone,48.31491712707182,0.7569060773480664,457.0,124.0
1,Chemoradiotherapy alone,48.49723756906077,0.7569060773480664,458.0,124.0
1,Chemoradiotherapy alone,48.67955801104972,0.7569060773480664,459.0,124.0
1,Chemoradiotherapy alone,48.86187845303867,0.7569060773480664,460.0,124.0
1,Chemoradiotherapy alone,49.04419889502763,0.7569060773480664,461.0,124.0
1,Chemoradiotherapy alone,49.226519337016576,0.7569060773480664,462.0,124.0
1,Chemoradiotherapy alone,49.408839779005525,0.7541436464088398,463.0,123.0
1,Chemoradiotherapy alone,49.591160220994475,0.7541436464088398,464.0,125.0
1,Chemoradiotherapy alone,49.773480662983424,0.7486187845303867,465.0,125.0
1,Chemoradiotherapy alone,49.95580110497237,0.7486187845303867,466.0,127.0
1,Chemoradiotherapy alone,50.13812154696133,0.7486187845303867,467.0,126.0
1,Chemoradiotherapy alone,50.32044198895028,0.7403314917127072,468.0,126.0
1,Chemoradiotherapy alone,50.50276243093923,0.7403314917127072,469.0,130.0
1,Chemoradiotherapy alone,50.68508287292818,0.7403314917127072,470.0,128.0
1,Chemoradiotherapy alone,50.86740331491713,0.7403314917127072,471.0,128.0
1,Chemoradiotherapy alone,51.049723756906076,0.7403314917127072,472.0,128.0
1,Chemoradiotherapy alone,51.232044198895025,0.7403314917127072,473.0,128.0
1,Chemoradiotherapy alone,51.41436464088398,0.7403314917127072,474.0,128.0
1,Chemoradiotherapy alone,51.59668508287292,0.7403314917127072,475.0,128.0
1,Chemoradiotherapy alone,51.77900552486188,0.7403314917127072,476.0,128.0
1,Chemoradiotherapy alone,51.96132596685083,0.7403314917127072,477.0,128.0
1,Chemoradiotherapy alone,52.14364640883978,0.7403314917127072,478.0,128.0
1,Chemoradiotherapy alone,52.325966850828735,0.7403314917127072,479.0,129.0
1,Chemoradiotherapy alone,52.50828729281768,0.7403314917127072,480.0,129.0
1,Chemoradiotherapy alone,52.69060773480663,0.7348066298342542,481.0,129.0
1,Chemoradiotherapy alone,52.872928176795575,0.7348066298342542,482.0,132.0
1,Chemoradiotherapy alone,53.05524861878453,0.7348066298342542,483.0,132.0
1,Chemoradiotherapy alone,53.23756906077348,0.7348066298342542,484.0,130.0
1,Chemoradiotherapy alone,53.41988950276243,0.7348066298342542,485.0,130.0
1,Chemoradiotherapy alone,53.60220994475139,0.7348066298342542,486.0,132.0
1,Chemoradiotherapy alone,53.78453038674033,0.7348066298342542,487.0,132.0
1,Chemoradiotherapy alone,53.966850828729285,0.7348066298342542,488.0,132.0
1,Chemoradiotherapy alone,54.14917127071823,0.7348066298342542,489.0,132.0
1,Chemoradiotherapy alone,54.331491712707184,0.7348066298342542,490.0,130.0
1,Chemoradiotherapy alone,54.513812154696126,0.7348066298342542,491.0,130.0
1,Chemoradiotherapy alone,54.69613259668508,0.7292817679558011,492.0,130.0
1,Chemoradiotherapy alone,54.87845303867404,0.7292817679558011,493.0,134.0
1,Chemoradiotherapy alone,55.06077348066298,0.7292817679558011,494.0,132.0
1,Chemoradiotherapy alone,55.24309392265194,0.7292817679558011,495.0,132.0
1,Chemoradiotherapy alone,55.42541436464088,0.7292817679558011,496.0,134.0
1,Chemoradiotherapy alone,55.607734806629836,0.7292817679558011,497.0,134.0
1,Chemoradiotherapy alone,55.790055248618785,0.7292817679558011,498.0,134.0
1,Chemoradiotherapy alone,55.972375690607734,0.7292817679558011,499.0,134.0
1,Chemoradiotherapy alone,56.15469613259669,0.7292817679558011,500.0,134.0
1,Chemoradiotherapy alone,56.33701657458563,0.7292817679558011,501.0,134.0
1,Chemoradiotherapy alone,56.51933701657459,0.7237569060773481,502.0,134.0
1,Chemoradiotherapy alone,56.70165745856353,0.7237569060773481,503.0,135.0
1,Chemoradiotherapy alone,56.88397790055249,0.7237569060773481,504.0,136.0
1,Chemoradiotherapy alone,57.06629834254144,0.7237569060773481,505.0,136.0
1,Chemoradiotherapy alone,57.248618784530386,0.7237569060773481,506.0,136.0
1,Chemoradiotherapy alone,57.43093922651934,0.7237569060773481,507.0,136.0
1,Chemoradiotherapy alone,57.613259668508285,0.7209944751381215,508.0,136.0
1,Chemoradiotherapy alone,57.79558011049724,0.7209944751381215,509.0,137.0
1,Chemoradiotherapy alone,57.97790055248618,0.7209944751381215,510.0,137.0
1,Chemoradiotherapy alone,58.16022099447514,0.7209944751381215,511.0,137.0
1,Chemoradiotherapy alone,58.34254143646409,0.7209944751381215,512.0,137.0
1,Chemoradiotherapy alone,58.52486187845304,0.7209944751381215,513.0,137.0
1,Chemoradiotherapy alone,58.70718232044199,0.7209944751381215,514.0,137.0
1,Chemoradiotherapy alone,58.889502762430936,0.7209944751381215,515.0,137.0
1,Chemoradiotherapy alone,59.07182320441989,0.7209944751381215,516.0,137.0
1,Chemoradiotherapy alone,59.25414364640884,0.7154696132596685,517.0,137.0
1,Chemoradiotherapy alone,59.43646408839779,0.7154696132596685,518.0,139.0
1,Chemoradiotherapy alone,59.61878453038674,0.7154696132596685,519.0,139.0
1,Chemoradiotherapy alone,59.80110497237569,0.7154696132596685,520.0,139.0
1,Chemoradiotherapy alone,59.98342541436464,0.7154696132596685,521.0,139.0
1,Chemoradiotherapy alone,60.16574585635359,0.7154696132596685,522.0,139.0
1,Chemoradiotherapy alone,60.348066298342545,0.7154696132596685,523.0,139.0
1,Chemoradiotherapy alone,60.530386740331494,0.7154696132596685,524.0,139.0
1,Chemoradiotherapy alone,60.71270718232044,0.7154696132596685,525.0,139.0
1,Chemoradiotherapy alone,60.89502762430939,0.7099447513812155,526.0,139.0
1,Chemoradiotherapy alone,61.07734806629834,0.7099447513812155,527.0,141.0
1,Chemoradiotherapy alone,61.25966850828729,0.7099447513812155,528.0,139.0
1,Chemoradiotherapy alone,61.44198895027624,0.7099447513812155,529.0,139.0
1,Chemoradiotherapy alone,61.62430939226519,0.7099447513812155,530.0,139.0
1,Chemoradiotherapy alone,61.806629834254146,0.707182320441989,531.0,141.0
1,Chemoradiotherapy alone,61.988950276243095,0.707182320441989,532.0,142.0
1,Chemoradiotherapy alone,62.171270718232044,0.707182320441989,533.0,142.0
1,Chemoradiotherapy alone,62.353591160220994,0.6961325966850829,534.0,142.0
1,Chemoradiotherapy alone,62.53591160220994,0.6961325966850829,535.0,146.0
1,Chemoradiotherapy alone,62.7182320441989,0.6961325966850829,536.0,146.0
1,Chemoradiotherapy alone,62.90055248618784,0.6961325966850829,537.0,146.0
1,Chemoradiotherapy alone,63.0828729281768,0.6961325966850829,538.0,146.0
1,Chemoradiotherapy alone,63.26519337016575,0.6961325966850829,539.0,144.0
1,Chemoradiotherapy alone,63.447513812154696,0.6961325966850829,540.0,146.0
1,Chemoradiotherapy alone,63.629834254143645,0.6933701657458563,541.0,146.0
1,Chemoradiotherapy alone,63.812154696132595,0.6933701657458563,542.0,147.0
1,Chemoradiotherapy alone,63.99447513812155,0.6933701657458563,543.0,147.0
1,Chemoradiotherapy alone,64.1767955801105,0.6933701657458563,544.0,147.0
1,Chemoradiotherapy alone,64.35911602209944,0.6933701657458563,545.0,147.0
1,Chemoradiotherapy alone,64.54143646408839,0.6878453038674033,546.0,147.0
1,Chemoradiotherapy alone,64.72375690607734,0.6878453038674033,547.0,149.0
1,Chemoradiotherapy alone,64.9060773480663,0.6878453038674033,548.0,147.0
1,Chemoradiotherapy alone,65.08839779005525,0.6878453038674033,549.0,147.0
1,Chemoradiotherapy alone,65.2707182320442,0.6878453038674033,550.0,147.0
1,Chemoradiotherapy alone,65.45303867403315,0.6878453038674033,551.0,147.0
1,Chemoradiotherapy alone,65.6353591160221,0.6878453038674033,552.0,147.0
1,Chemoradiotherapy alone,65.81767955801105,0.6878453038674033,553.0,147.0
1,Chemoradiotherapy alone,66.0,0.6878453038674033,554.0,147.0
1,Chemoradiotherapy alone,66.18232044198895,0.6878453038674033,555.0,148.0
1,Chemoradiotherapy alone,66.36464088397791,0.6878453038674033,556.0,148.0
1,Chemoradiotherapy alone,66.54696132596685,0.6878453038674033,557.0,148.0
1,Chemoradiotherapy alone,66.7292817679558,0.6878453038674033,558.0,147.0
1,Chemoradiotherapy alone,66.91160220994475,0.6878453038674033,559.0,147.0
1,Chemoradiotherapy alone,67.09392265193371,0.6878453038674033,560.0,147.0
1,Chemoradiotherapy alone,67.27624309392266,0.6878453038674033,561.0,147.0
1,Chemoradiotherapy alone,67.4585635359116,0.6878453038674033,562.0,149.0
1,Chemoradiotherapy alone,67.64088397790056,0.6878453038674033,563.0,149.0
1,Chemoradiotherapy alone,67.8232044198895,0.6878453038674033,564.0,149.0
1,Chemoradiotherapy alone,68.00552486187846,0.6878453038674033,565.0,149.0
1,Chemoradiotherapy alone,68.18784530386739,0.6878453038674033,566.0,149.0
1,Chemoradiotherapy alone,68.37016574585635,0.6878453038674033,567.0,147.0
1,Chemoradiotherapy alone,68.5524861878453,0.6878453038674033,568.0,147.0
1,Chemoradiotherapy alone,68.73480662983425,0.6878453038674033,569.0,147.0
1,Chemoradiotherapy alone,68.91712707182322,0.6878453038674033,570.0,149.0
1,Chemoradiotherapy alone,69.09944751381215,0.6878453038674033,571.0,146.0
1,Chemoradiotherapy alone,69.2817679558011,0.6878453038674033,572.0,146.0
1,Chemoradiotherapy alone,69.46408839779005,0.6878453038674033,573.0,146.0
1,Chemoradiotherapy alone,69.64640883977901,0.6878453038674033,574.0,146.0
1,Chemoradiotherapy alone,69.82872928176796,0.6878453038674033,575.0,146.0
1,Chemoradiotherapy alone,70.0110497237569,0.6878453038674033,576.0,147.0
1,Chemoradiotherapy alone,70.19337016574585,0.6878453038674033,577.0,147.0
1,Chemoradiotherapy alone,70.37569060773481,0.6878453038674033,578.0,147.0
1,Chemoradiotherapy alone,70.55801104972376,0.6850828729281768,579.0,147.0
1,Chemoradiotherapy alone,70.74033149171271,0.6850828729281768,580.0,150.0
1,Chemoradiotherapy alone,70.92265193370166,0.6850828729281768,581.0,150.0
1,Chemoradiotherapy alone,71.10497237569061,0.6850828729281768,582.0,150.0
1,Chemoradiotherapy alone,71.28729281767956,0.6850828729281768,583.0,150.0
1,Chemoradiotherapy alone,71.4696132596685,0.6795580110497238,584.0,150.0
1,Chemoradiotherapy alone,71.65193370165747,0.6795580110497238,585.0,152.0
1,Chemoradiotherapy alone,71.8342541436464,0.6795580110497238,586.0,152.0
1,Chemoradiotherapy alone,72.01657458563535,0.6795580110497238,587.0,152.0
1,Chemoradiotherapy alone,72.19889502762432,0.6795580110497238,588.0,150.0
1,Chemoradiotherapy alone,72.38121546961327,0.6795580110497238,589.0,150.0
1,Chemoradiotherapy alone,72.5635359116022,0.6795580110497238,590.0,151.0
1,Chemoradiotherapy alone,72.74585635359115,0.6795580110497238,591.0,151.0
1,Chemoradiotherapy alone,72.92817679558011,0.6795580110497238,592.0,150.0
1,Chemoradiotherapy alone,73.11049723756906,0.6795580110497238,593.0,150.0
1,Chemoradiotherapy alone,73.29281767955801,0.6795580110497238,594.0,150.0
1,Chemoradiotherapy alone,73.47513812154696,0.6795580110497238,595.0,151.0
1,Chemoradiotherapy alone,73.65745856353591,0.6795580110497238,596.0,152.0
1,Chemoradiotherapy alone,73.83977900552486,0.6795580110497238,597.0,152.0
1,Chemoradiotherapy alone,74.02209944751381,0.6795580110497238,598.0,150.0
1,Chemoradiotherapy alone,74.20441988950277,0.6795580110497238,599.0,150.0
1,Chemoradiotherapy alone,74.38674033149171,0.6795580110497238,600.0,150.0
1,Chemoradiotherapy alone,74.56906077348066,0.6795580110497238,601.0,150.0
1,Chemoradiotherapy alone,74.75138121546962,0.6795580110497238,602.0,150.0
1,Chemoradiotherapy alone,74.93370165745857,0.6795580110497238,603.0,150.0
1,Chemoradiotherapy alone,75.11602209944752,0.6795580110497238,604.0,150.0
1,Chemoradiotherapy alone,75.29834254143645,0.6795580110497238,605.0,150.0
1,Chemoradiotherapy alone,75.48066298342542,0.6795580110497238,606.0,151.0
1,Chemoradiotherapy alone,75.66298342541437,0.6795580110497238,607.0,150.0
1,Chemoradiotherapy alone,75.84530386740332,0.6795580110497238,608.0,150.0
1,Chemoradiotherapy alone,76.02762430939225,0.6795580110497238,609.0,150.0
1,Chemoradiotherapy alone,76.20994475138122,0.6795580110497238,610.0,151.0
1,Chemoradiotherapy alone,76.39226519337016,0.6795580110497238,611.0,150.0
1,Chemoradiotherapy alone,76.57458563535911,0.6795580110497238,612.0,150.0
1,Chemoradiotherapy alone,76.75690607734808,0.6795580110497238,613.0,150.0
1,Chemoradiotherapy alone,76.93922651933701,0.6795580110497238,614.0,150.0
1,Chemoradiotherapy alone,77.12154696132596,0.6795580110497238,615.0,150.0
1,Chemoradiotherapy alone,77.30386740331491,0.6795580110497238,616.0,150.0
1,Chemoradiotherapy alone,77.48618784530387,0.6795580110497238,617.0,150.0
1,Chemoradiotherapy alone,77.66850828729282,0.6795580110497238,618.0,152.0
1,Chemoradiotherapy alone,77.85082872928176,0.6795580110497238,619.0,150.0
1,Chemoradiotherapy alone,78.03314917127072,0.6795580110497238,620.0,150.0
1,Chemoradiotherapy alone,78.21546961325967,0.6795580110497238,621.0,150.0
1,Chemoradiotherapy alone,78.39779005524862,0.6795580110497238,622.0,150.0
1,Chemoradiotherapy alone,78.58011049723757,0.6795580110497238,623.0,150.0
1,Chemoradiotherapy alone,78.76243093922652,0.6795580110497238,624.0,150.0
1,Chemoradiotherapy alone,78.94475138121547,0.6795580110497238,625.0,150.0
1,Chemoradiotherapy alone,79.12707182320442,0.6795580110497238,626.0,150.0
1,Chemoradiotherapy alone,79.30939226519338,0.6795580110497238,627.0,150.0
1,Chemoradiotherapy alone,79.49171270718232,0.6795580110497238,628.0,150.0
1,Chemoradiotherapy alone,79.67403314917127,0.6795580110497238,629.0,150.0
1,Chemoradiotherapy alone,79.85635359116021,0.6795580110497238,630.0,150.0
1,Chemoradiotherapy alone,80.03867403314918,0.6795580110497238,631.0,151.0
1,Chemoradiotherapy alone,80.22099447513813,0.6795580110497238,632.0,151.0
1,Chemoradiotherapy alone,80.40331491712706,0.6795580110497238,633.0,151.0
1,Chemoradiotherapy alone,80.58563535911603,0.6795580110497238,634.0,151.0
1,Chemoradiotherapy alone,80.76795580110497,0.6795580110497238,635.0,151.0
1,Chemoradiotherapy alone,80.95027624309392,0.6795580110497238,636.0,150.0
1,Chemoradiotherapy alone,81.13259668508287,0.6795580110497238,637.0,150.0
1,Chemoradiotherapy alone,81.31491712707182,0.6795580110497238,638.0,150.0
1,Chemoradiotherapy alone,81.49723756906077,0.6767955801104972,639.0,150.0
1,Chemoradiotherapy alone,81.67955801104972,0.6767955801104972,640.0,153.0
1,Chemoradiotherapy alone,81.86187845303868,0.6767955801104972,641.0,153.0
1,Chemoradiotherapy alone,82.04419889502763,0.6767955801104972,642.0,153.0
1,Chemoradiotherapy alone,82.22651933701657,0.6767955801104972,643.0,153.0
1,Chemoradiotherapy alone,82.40883977900552,0.6685082872928177,644.0,153.0
1,Chemoradiotherapy alone,82.59116022099448,0.6685082872928177,645.0,156.0
1,Chemoradiotherapy alone,82.77348066298343,0.6685082872928177,646.0,156.0
1,Chemoradiotherapy alone,82.95580110497237,0.6685082872928177,647.0,156.0
1,Chemoradiotherapy alone,83.13812154696132,0.6685082872928177,648.0,156.0
1,Chemoradiotherapy alone,83.32044198895028,0.6685082872928177,649.0,156.0
1,Chemoradiotherapy alone,83.50276243093923,0.6685082872928177,650.0,156.0
1,Chemoradiotherapy alone,83.68508287292818,0.6685082872928177,651.0,156.0
1,Chemoradiotherapy alone,83.86740331491713,0.6685082872928177,652.0,155.0
1,Chemoradiotherapy alone,84.04972375690608,0.6685082872928177,653.0,155.0
1,Chemoradiotherapy alone,84.23204419889503,0.6685082872928177,654.0,155.0
1,Chemoradiotherapy alone,84.41436464088397,0.6685082872928177,655.0,155.0
1,Chemoradiotherapy alone,84.59668508287294,0.6685082872928177,656.0,155.0
1,Chemoradiotherapy alone,84.77900552486187,0.6685082872928177,657.0,155.0
1,Chemoradiotherapy alone,84.96132596685082,0.6685082872928177,658.0,155.0
1,Chemoradiotherapy alone,85.14364640883979,0.6657458563535912,659.0,155.0
1,Chemoradiotherapy alone,85.32596685082873,0.6657458563535912,660.0,157.0
1,Chemoradiotherapy alone,85.50828729281768,0.6657458563535912,661.0,157.0
1,Chemoradiotherapy alone,85.69060773480662,0.6657458563535912,662.0,157.0
1,Chemoradiotherapy alone,85.87292817679558,0.6657458563535912,663.0,157.0
1,Chemoradiotherapy alone,86.05524861878453,0.6657458563535912,664.0,157.0
1,Chemoradiotherapy alone,86.23756906077348,0.6657458563535912,665.0,157.0
1,Chemoradiotherapy alone,86.41988950276243,0.6657458563535912,666.0,157.0
1,Chemoradiotherapy alone,86.60220994475138,0.6657458563535912,667.0,157.0
1,Chemoradiotherapy alone,86.78453038674033,0.6657458563535912,668.0,157.0
1,Chemoradiotherapy alone,86.96685082872928,0.6657458563535912,669.0,157.0
1,Chemoradiotherapy alone,87.14917127071824,0.6657458563535912,670.0,157.0
1,Chemoradiotherapy alone,87.33149171270718,0.6657458563535912,671.0,155.0
1,Chemoradiotherapy alone,87.51381215469613,0.6657458563535912,672.0,155.0
1,Chemoradiotherapy alone,87.69613259668509,0.6657458563535912,673.0,155.0
1,Chemoradiotherapy alone,87.87845303867404,0.6657458563535912,674.0,155.0
1,Chemoradiotherapy alone,88.06077348066299,0.6657458563535912,675.0,155.0
1,Chemoradiotherapy alone,88.24309392265192,0.6657458563535912,676.0,155.0
1,Chemoradiotherapy alone,88.42541436464089,0.6657458563535912,677.0,155.0
1,Chemoradiotherapy alone,88.60773480662984,0.6657458563535912,678.0,155.0
1,Chemoradiotherapy alone,88.79005524861878,0.6657458563535912,679.0,155.0
1,Chemoradiotherapy alone,88.97237569060775,0.6657458563535912,680.0,155.0
1,Chemoradiotherapy alone,89.15469613259668,0.6657458563535912,681.0,157.0
1,Chemoradiotherapy alone,89.33701657458563,0.6657458563535912,682.0,157.0
1,Chemoradiotherapy alone,89.51933701657458,0.6657458563535912,683.0,155.0
1,Chemoradiotherapy alone,89.70165745856355,0.6657458563535912,684.0,155.0
1,Chemoradiotherapy alone,89.88397790055248,0.6657458563535912,685.0,155.0
1,Chemoradiotherapy alone,90.06629834254143,0.6657458563535912,686.0,155.0
1,Chemoradiotherapy alone,90.24861878453038,0.6657458563535912,687.0,155.0
1,Chemoradiotherapy alone,90.43093922651934,0.6657458563535912,688.0,155.0
1,Chemoradiotherapy alone,90.61325966850829,0.6657458563535912,689.0,157.0
1,Chemoradiotherapy alone,90.79558011049723,0.6657458563535912,690.0,157.0
1,Chemoradiotherapy alone,90.97790055248619,0.6657458563535912,691.0,157.0
1,Chemoradiotherapy alone,91.16022099447514,0.6657458563535912,692.0,157.0
1,Chemoradiotherapy alone,91.34254143646409,0.6657458563535912,693.0,157.0
1,Chemoradiotherapy alone,91.52486187845304,0.6657458563535912,694.0,155.0
1,Chemoradiotherapy alone,91.70718232044199,0.6657458563535912,695.0,155.0
1,Chemoradiotherapy alone,91.88950276243094,0.6657458563535912,696.0,155.0
1,Chemoradiotherapy alone,92.07182320441989,0.6657458563535912,697.0,155.0
1,Chemoradiotherapy alone,92.25414364640885,0.6657458563535912,698.0,155.0
1,Chemoradiotherapy alone,92.4364640883978,0.6657458563535912,699.0,155.0
1,Chemoradiotherapy alone,92.61878453038673,0.6657458563535912,700.0,156.0
1,Chemoradiotherapy alone,92.80110497237568,0.6657458563535912,701.0,156.0
1,Chemoradiotherapy alone,92.98342541436465,0.6657458563535912,702.0,155.0
1,Chemoradiotherapy alone,93.1657458563536,0.6657458563535912,703.0,155.0
1,Chemoradiotherapy alone,93.34806629834253,0.6657458563535912,704.0,155.0
1,Chemoradiotherapy alone,93.5303867403315,0.6657458563535912,705.0,155.0
1,Chemoradiotherapy alone,93.71270718232044,0.6657458563535912,706.0,155.0
1,Chemoradiotherapy alone,93.89502762430939,0.6657458563535912,707.0,155.0
1,Chemoradiotherapy alone,94.07734806629834,0.6657458563535912,708.0,155.0
1,Chemoradiotherapy alone,94.25966850828729,0.6657458563535912,709.0,155.0
1,Chemoradiotherapy alone,94.44198895027624,0.6657458563535912,710.0,155.0
1,Chemoradiotherapy alone,94.62430939226519,0.6657458563535912,711.0,155.0
1,Chemoradiotherapy alone,94.80662983425415,0.6657458563535912,712.0,155.0
1,Chemoradiotherapy alone,94.9889502762431,0.6657458563535912,713.0,155.0
1,Chemoradiotherapy alone,95.17127071823204,0.6657458563535912,714.0,155.0
1,Chemoradiotherapy alone,95.35359116022099,0.6657458563535912,715.0,155.0
1,Chemoradiotherapy alone,95.53591160220995,0.6657458563535912,716.0,155.0
1,Chemoradiotherapy alone,95.7182320441989,0.6657458563535912,717.0,155.0
1,Chemoradiotherapy alone,95.90055248618785,0.6657458563535912,718.0,155.0
1,Chemoradiotherapy alone,96.08287292817678,0.6657458563535912,719.0,155.0
1,Chemoradiotherapy alone,96.26519337016575,0.6657458563535912,720.0,155.0
1,Chemoradiotherapy alone,96.4475138121547,0.6657458563535912,721.0,155.0
1,Chemoradiotherapy alone,96.62983425414365,0.6657458563535912,722.0,155.0
1,Chemoradiotherapy alone,96.81215469613261,0.6657458563535912,723.0,157.0
1,Chemoradiotherapy alone,96.99447513812154,0.6657458563535912,724.0,157.0
1,Chemoradiotherapy alone,97.1767955801105,0.6657458563535912,725.0,157.0
1,Chemoradiotherapy alone,97.35911602209944,0.6408839779005524,726.0,157.0
1,Chemoradiotherapy alone,97.5414364640884,0.6408839779005524,727.0,166.0
1,Chemoradiotherapy alone,97.72375690607734,0.6408839779005524,728.0,166.0
1,Chemoradiotherapy alone,97.90607734806629,0.6408839779005524,729.0,166.0
1,Chemoradiotherapy alone,98.08839779005525,0.6353591160220994,730.0,166.0
1,Chemoradiotherapy alone,98.2707182320442,0.6353591160220994,731.0,168.0
1,Chemoradiotherapy alone,98.45303867403315,0.6353591160220994,732.0,166.0
1,Chemoradiotherapy alone,98.63535911602209,0.6353591160220994,733.0,166.0
1,Chemoradiotherapy alone,98.81767955801105,0.6353591160220994,734.0,166.0
1,Chemoradiotherapy alone,99.0,0.6353591160220994,735.0,167.0
1,Chemoradiotherapy alone,99.18232044198895,0.6353591160220994,736.0,167.0
1,Chemoradiotherapy alone,99.36464088397791,0.6353591160220994,737.0,167.0
1,Chemoradiotherapy alone,99.54696132596685,0.6353591160220994,738.0,167.0
1,Chemoradiotherapy alone,99.7292817679558,0.6353591160220994,739.0,166.0
1,Chemoradiotherapy alone,99.91160220994475,0.6353591160220994,740.0,166.0
1,Chemoradiotherapy alone,100.09392265193371,0.6353591160220994,741.0,166.0
1,Chemoradiotherapy alone,100.27624309392266,0.6353591160220994,742.0,168.0
1,Chemoradiotherapy alone,100.4585635359116,0.6353591160220994,743.0,167.0
1,Chemoradiotherapy alone,100.64088397790056,0.6353591160220994,744.0,167.0
1,Chemoradiotherapy alone,100.8232044198895,0.6353591160220994,745.0,166.0
1,Chemoradiotherapy alone,101.00552486187846,0.6353591160220994,746.0,166.0
1,Chemoradiotherapy alone,101.18784530386739,0.6353591160220994,747.0,168.0
1,Chemoradiotherapy alone,101.37016574585635,0.6353591160220994,748.0,168.0
1,Chemoradiotherapy alone,101.5524861878453,0.6353591160220994,749.0,166.0
1,Chemoradiotherapy alone,101.73480662983425,0.6353591160220994,750.0,166.0
1,Chemoradiotherapy alone,101.91712707182322,0.6353591160220994,751.0,166.0
1,Chemoradiotherapy alone,102.09944751381215,0.6353591160220994,752.0,167.0
1,Chemoradiotherapy alone,102.2817679558011,0.6353591160220994,753.0,166.0
1,Chemoradiotherapy alone,102.46408839779005,0.6353591160220994,754.0,166.0
1,Chemoradiotherapy alone,102.64640883977901,0.6353591160220994,755.0,166.0
1,Chemoradiotherapy alone,102.82872928176796,0.6353591160220994,756.0,166.0
1,Chemoradiotherapy alone,103.0110497237569,0.6353591160220994,757.0,167.0
1,Chemoradiotherapy alone,103.19337016574585,0.6353591160220994,758.0,166.0
1,Chemoradiotherapy alone,103.37569060773481,0.6353591160220994,759.0,166.0
1,Chemoradiotherapy alone,103.55801104972376,0.6353591160220994,760.0,166.0
1,Chemoradiotherapy alone,103.74033149171271,0.6353591160220994,761.0,166.0
1,Chemoradiotherapy alone,103.92265193370166,0.6353591160220994,762.0,167.0
1,Chemoradiotherapy alone,104.10497237569061,0.6353591160220994,763.0,167.0
1,Chemoradiotherapy alone,104.28729281767956,0.6353591160220994,764.0,166.0
1,Chemoradiotherapy alone,104.4696132596685,0.6353591160220994,765.0,166.0
1,Chemoradiotherapy alone,104.65193370165747,0.6353591160220994,766.0,166.0
1,Chemoradiotherapy alone,104.8342541436464,0.6353591160220994,767.0,166.0
1,Chemoradiotherapy alone,105.01657458563535,0.6353591160220994,768.0,166.0
1,Chemoradiotherapy alone,105.19889502762432,0.6353591160220994,769.0,166.0
1,Chemoradiotherapy alone,105.38121546961327,0.6353591160220994,770.0,166.0
1,Chemoradiotherapy alone,105.5635359116022,0.6353591160220994,771.0,166.0
1,Chemoradiotherapy alone,105.74585635359115,0.6353591160220994,772.0,166.0
1,Chemoradiotherapy alone,105.92817679558011,0.6353591160220994,773.0,166.0
1,Chemoradiotherapy alone,106.11049723756906,0.6353591160220994,774.0,167.0
1,Chemoradiotherapy alone,106.29281767955801,0.6353591160220994,775.0,166.0
1,Chemoradiotherapy alone,106.47513812154696,0.6353591160220994,776.0,166.0
1,Chemoradiotherapy alone,106.65745856353591,0.6353591160220994,777.0,166.0
1,Chemoradiotherapy alone,106.83977900552486,0.6353591160220994,778.0,166.0
1,Chemoradiotherapy alone,107.02209944751381,0.6353591160220994,779.0,166.0
1,Chemoradiotherapy alone,107.20441988950277,0.6353591160220994,780.0,166.0
1,Chemoradiotherapy alone,107.38674033149171,0.6353591160220994,781.0,166.0
1,Chemoradiotherapy alone,107.56906077348066,0.6353591160220994,782.0,166.0
1,Chemoradiotherapy alone,107.75138121546962,0.6353591160220994,783.0,166.0
1,Chemoradiotherapy alone,107.93370165745857,0.6353591160220994,784.0,166.0
1,Chemoradiotherapy alone,108.11602209944752,0.5331491712707183,785.0,166.0
1,Chemoradiotherapy alone,108.29834254143645,0.5331491712707183,786.0,202.0
1,Chemoradiotherapy alone,108.48066298342542,0.5331491712707183,787.0,205.0
1,Chemoradiotherapy alone,108.66298342541437,0.5331491712707183,788.0,205.0
1,Chemoradiotherapy alone,108.84530386740332,0.5331491712707183,789.0,205.0
1,Chemoradiotherapy alone,109.02762430939225,0.5331491712707183,790.0,205.0
1,Chemoradiotherapy alone,109.20994475138122,0.5331491712707183,791.0,205.0
1,Chemoradiotherapy alone,109.39226519337016,0.5331491712707183,792.0,205.0
1,Chemoradiotherapy alone,109.57458563535911,0.5331491712707183,793.0,205.0
1,Chemoradiotherapy alone,109.75690607734808,0.5331491712707183,794.0,205.0
1,Chemoradiotherapy alone,109.93922651933701,0.5331491712707183,795.0,205.0
1,Chemoradiotherapy alone,110.12154696132596,0.5331491712707183,796.0,205.0
1,Chemoradiotherapy alone,110.30386740331491,0.5331491712707183,797.0,205.0
1,Chemoradiotherapy alone,110.48618784530387,0.5331491712707183,798.0,205.0
1,Chemoradiotherapy alone,110.66850828729282,0.5331491712707183,799.0,205.0
1,Chemoradiotherapy alone,110.85082872928176,0.5331491712707183,800.0,205.0
1,Chemoradiotherapy alone,111.03314917127072,0.5331491712707183,801.0,205.0
1,Chemoradiotherapy alone,111.21546961325967,0.5331491712707183,802.0,205.0
1,Chemoradiotherapy alone,111.39779005524862,0.5331491712707183,803.0,205.0
1,Chemoradiotherapy alone,111.58011049723757,0.5331491712707183,804.0,205.0
1,Chemoradiotherapy alone,111.76243093922652,0.5331491712707183,805.0,205.0
1,Chemoradiotherapy alone,111.94475138121547,0.5331491712707183,806.0,205.0
1,Chemoradiotherapy alone,112.12707182320442,0.5303867403314917,807.0,205.0
1,Chemoradiotherapy alone,112.30939226519338,0.5303867403314917,808.0,206.0
1,Chemoradiotherapy alone,112.49171270718232,0.5303867403314917,809.0,205.0
1,Chemoradiotherapy alone,112.67403314917127,0.5303867403314917,810.0,205.0
1,Chemoradiotherapy alone,112.85635359116021,0.5303867403314917,811.0,205.0
1,Chemoradiotherapy alone,113.03867403314918,0.5303867403314917,812.0,205.0
1,Chemoradiotherapy alone,113.22099447513813,0.5303867403314917,813.0,205.0
1,Chemoradiotherapy alone,113.40331491712706,0.5303867403314917,814.0,205.0
1,Chemoradiotherapy alone,113.58563535911603,0.5303867403314917,815.0,205.0
1,Chemoradiotherapy alone,113.76795580110497,0.5303867403314917,816.0,205.0
1,Chemoradiotherapy alone,113.95027624309392,0.5303867403314917,817.0,205.0
1,Chemoradiotherapy alone,114.13259668508287,0.5303867403314917,818.0,205.0
1,Chemoradiotherapy alone,114.31491712707182,0.5303867403314917,819.0,205.0
1,Chemoradiotherapy alone,114.49723756906077,0.5303867403314917,820.0,205.0
1,Chemoradiotherapy alone,114.67955801104972,0.5303867403314917,821.0,205.0
1,Chemoradiotherapy alone,114.86187845303868,0.5303867403314917,822.0,205.0
1,Chemoradiotherapy alone,115.04419889502763,0.5303867403314917,823.0,205.0
1,Chemoradiotherapy alone,115.22651933701657,0.5303867403314917,824.0,205.0
1,Chemoradiotherapy alone,115.40883977900552,0.5303867403314917,825.0,205.0
1,Chemoradiotherapy alone,115.59116022099448,0.5303867403314917,826.0,205.0
1,Chemoradiotherapy alone,115.77348066298343,0.5303867403314917,827.0,205.0
1,Chemoradiotherapy alone,115.95580110497237,0.5303867403314917,828.0,205.0
1,Chemoradiotherapy alone,116.13812154696132,0.5303867403314917,829.0,205.0
1,Chemoradiotherapy alone,116.32044198895028,0.5303867403314917,830.0,205.0
1,Chemoradiotherapy alone,116.50276243093923,0.5303867403314917,831.0,205.0
1,Chemoradiotherapy alone,116.68508287292818,0.5303867403314917,832.0,205.0
1,Chemoradiotherapy alone,116.86740331491713,0.5303867403314917,833.0,205.0
1,Chemoradiotherapy alone,117.04972375690608,0.5303867403314917,834.0,205.0
1,Chemoradiotherapy alone,117.23204419889503,0.5303867403314917,835.0,205.0
1,Chemoradiotherapy alone,117.41436464088397,0.5303867403314917,836.0,205.0
1,Chemoradiotherapy alone,117.59668508287294,0.5303867403314917,837.0,205.0
1,Chemoradiotherapy alone,117.77900552486187,0.5303867403314917,838.0,205.0
1,Chemoradiotherapy alone,117.96132596685082,0.5303867403314917,839.0,205.0
1,Chemoradiotherapy alone,118.14364640883979,0.5303867403314917,840.0,205.0
1,Chemoradiotherapy alone,118.32596685082873,0.5303867403314917,841.0,205.0
1,Chemoradiotherapy alone,118.50828729281768,0.5303867403314917,842.0,205.0
1,Chemoradiotherapy alone,118.69060773480662,0.5303867403314917,843.0,205.0
1,Chemoradiotherapy alone,118.87292817679558,0.5303867403314917,844.0,205.0
1,Chemoradiotherapy alone,119.05524861878453,0.5303867403314917,845.0,205.0
1,Chemoradiotherapy alone,119.23756906077348,0.5303867403314917,846.0,205.0
1,Chemoradiotherapy alone,119.41988950276243,0.5303867403314917,847.0,205.0
1,Chemoradiotherapy alone,119.60220994475138,0.5303867403314917,848.0,205.0
1,Chemoradiotherapy alone,119.78453038674033,0.5303867403314917,849.0,205.0
1,Chemoradiotherapy alone,119.96685082872928,0.5303867403314917,850.0,205.0
1,Chemoradiotherapy alone,120.14917127071824,0.5303867403314917,851.0,205.0
1,Chemoradiotherapy alone,120.33149171270718,0.5303867403314917,852.0,206.0
1,Chemoradiotherapy alone,120.51381215469613,0.5303867403314917,853.0,205.0
1,Chemoradiotherapy alone,120.69613259668509,0.5303867403314917,854.0,205.0
1,Chemoradiotherapy alone,120.87845303867404,0.5303867403314917,855.0,205.0
1,Chemoradiotherapy alone,121.06077348066299,0.5303867403314917,856.0,205.0
1,Chemoradiotherapy alone,121.24309392265192,0.5303867403314917,857.0,205.0
1,Chemoradiotherapy alone,121.42541436464089,0.5303867403314917,858.0,205.0
1,Chemoradiotherapy alone,121.60773480662984,0.5303867403314917,859.0,205.0
1,Chemoradiotherapy alone,121.79005524861878,0.5303867403314917,860.0,205.0
1,Chemoradiotherapy alone,121.97237569060775,0.5303867403314917,861.0,205.0
1,Chemoradiotherapy alone,122.15469613259668,0.5303867403314917,862.0,205.0
1,Chemoradiotherapy alone,122.33701657458563,0.5303867403314917,863.0,205.0
1,Chemoradiotherapy alone,122.51933701657458,0.5303867403314917,864.0,205.0
1,Chemoradiotherapy alone,122.70165745856355,0.5303867403314917,865.0,205.0
1,Chemoradiotherapy alone,122.88397790055248,0.5303867403314917,866.0,205.0
2,Induction chemotherapy with chemoradiotherapy,0.0,1.0,193.0,37.0
2,Induction chemotherapy with chemoradiotherapy,0.18232044198895025,0.9972375690607734,193.0,37.0
2,Induction chemotherapy with chemoradiotherapy,0.3646408839779005,0.9972375690607734,194.0,37.0
2,Induction chemotherapy with chemoradiotherapy,0.5469613259668508,0.994475138121547,195.0,37.0
2,Induction chemotherapy with chemoradiotherapy,0.729281767955801,0.994475138121547,196.0,38.0
2,Induction chemotherapy with chemoradiotherapy,0.9116022099447514,0.994475138121547,197.0,37.0
2,Induction chemotherapy with chemoradiotherapy,1.0939226519337015,0.994475138121547,198.0,37.0
2,Induction chemotherapy with chemoradiotherapy,1.276243093922652,0.994475138121547,199.0,37.0
2,Induction chemotherapy with chemoradiotherapy,1.458563535911602,0.994475138121547,200.0,37.0
2,Induction chemotherapy with chemoradiotherapy,1.6408839779005524,0.994475138121547,201.0,37.0
2,Induction chemotherapy with chemoradiotherapy,1.8232044198895028,0.994475138121547,202.0,37.0
2,Induction chemotherapy with chemoradiotherapy,2.005524861878453,0.994475138121547,203.0,37.0
2,Induction chemotherapy with chemoradiotherapy,2.187845303867403,0.994475138121547,204.0,37.0
2,Induction chemotherapy with chemoradiotherapy,2.3701657458563536,0.994475138121547,205.0,37.0
2,Induction chemotherapy with chemoradiotherapy,2.552486187845304,0.994475138121547,206.0,37.0
2,Induction chemotherapy with chemoradiotherapy,2.734806629834254,0.994475138121547,207.0,37.0
2,Induction chemotherapy with chemoradiotherapy,2.917127071823204,0.994475138121547,208.0,37.0
2,Induction chemotherapy with chemoradiotherapy,3.0994475138121547,0.994475138121547,209.0,37.0
2,Induction chemotherapy with chemoradiotherapy,3.281767955801105,0.994475138121547,210.0,37.0
2,Induction chemotherapy with chemoradiotherapy,3.464088397790055,0.994475138121547,211.0,37.0
2,Induction chemotherapy with chemoradiotherapy,3.6464088397790055,0.994475138121547,212.0,38.0
2,Induction chemotherapy with chemoradiotherapy,3.8287292817679557,0.994475138121547,213.0,38.0
2,Induction chemotherapy with chemoradiotherapy,4.011049723756906,0.994475138121547,214.0,38.0
2,Induction chemotherapy with chemoradiotherapy,4.193370165745857,0.994475138121547,215.0,38.0
2,Induction chemotherapy with chemoradiotherapy,4.375690607734806,0.994475138121547,216.0,38.0
2,Induction chemotherapy with chemoradiotherapy,4.558011049723757,0.994475138121547,217.0,38.0
2,Induction chemotherapy with chemoradiotherapy,4.740331491712707,0.994475138121547,218.0,38.0
2,Induction chemotherapy with chemoradiotherapy,4.922651933701657,0.994475138121547,219.0,38.0
2,Induction chemotherapy with chemoradiotherapy,5.104972375690608,0.994475138121547,220.0,38.0
2,Induction chemotherapy with chemoradiotherapy,5.287292817679559,0.994475138121547,221.0,38.0
2,Induction chemotherapy with chemoradiotherapy,5.469613259668508,0.994475138121547,222.0,38.0
2,Induction chemotherapy with chemoradiotherapy,5.651933701657459,0.994475138121547,223.0,38.0
2,Induction chemotherapy with chemoradiotherapy,5.834254143646408,0.994475138121547,224.0,38.0
2,Induction chemotherapy with chemoradiotherapy,6.016574585635359,0.994475138121547,225.0,38.0
2,Induction chemotherapy with chemoradiotherapy,6.198895027624309,0.994475138121547,226.0,38.0
2,Induction chemotherapy with chemoradiotherapy,6.3812154696132595,0.994475138121547,227.0,38.0
2,Induction chemotherapy with chemoradiotherapy,6.56353591160221,0.994475138121547,228.0,38.0
2,Induction chemotherapy with chemoradiotherapy,6.745856353591161,0.994475138121547,229.0,38.0
2,Induction chemotherapy with chemoradiotherapy,6.92817679558011,0.994475138121547,230.0,38.0
2,Induction chemotherapy with chemoradiotherapy,7.110497237569061,0.994475138121547,231.0,38.0
2,Induction chemotherapy with chemoradiotherapy,7.292817679558011,0.994475138121547,232.0,38.0
2,Induction chemotherapy with chemoradiotherapy,7.475138121546961,0.994475138121547,233.0,38.0
2,Induction chemotherapy with chemoradiotherapy,7.657458563535911,0.994475138121547,234.0,38.0
2,Induction chemotherapy with chemoradiotherapy,7.839779005524862,0.994475138121547,235.0,38.0
2,Induction chemotherapy with chemoradiotherapy,8.022099447513812,0.9861878453038674,236.0,38.0
2,Induction chemotherapy with chemoradiotherapy,8.204419889502763,0.9861878453038674,237.0,41.0
2,Induction chemotherapy with chemoradiotherapy,8.386740331491714,0.9834254143646409,238.0,41.0
2,Induction chemotherapy with chemoradiotherapy,8.569060773480663,0.9834254143646409,239.0,42.0
2,Induction chemotherapy with chemoradiotherapy,8.751381215469612,0.9834254143646409,240.0,42.0
2,Induction chemotherapy with chemoradiotherapy,8.933701657458563,0.9834254143646409,241.0,42.0
2,Induction chemotherapy with chemoradiotherapy,9.116022099447514,0.9751381215469612,242.0,42.0
2,Induction chemotherapy with chemoradiotherapy,9.298342541436464,0.9751381215469612,243.0,45.0
2,Induction chemotherapy with chemoradiotherapy,9.480662983425415,0.9751381215469612,244.0,42.0
2,Induction chemotherapy with chemoradiotherapy,9.662983425414364,0.9751381215469612,245.0,42.0
2,Induction chemotherapy with chemoradiotherapy,9.845303867403315,0.9751381215469612,246.0,42.0
2,Induction chemotherapy with chemoradiotherapy,10.027624309392266,0.9751381215469612,247.0,42.0
2,Induction chemotherapy with chemoradiotherapy,10.209944751381215,0.9751381215469612,248.0,42.0
2,Induction chemotherapy with chemoradiotherapy,10.392265193370164,0.9751381215469612,249.0,42.0
2,Induction chemotherapy with chemoradiotherapy,10.574585635359117,0.9751381215469612,250.0,42.0
2,Induction chemotherapy with chemoradiotherapy,10.756906077348066,0.9751381215469612,251.0,42.0
2,Induction chemotherapy with chemoradiotherapy,10.939226519337016,0.9751381215469612,252.0,42.0
2,Induction chemotherapy with chemoradiotherapy,11.121546961325969,0.9751381215469612,253.0,44.0
2,Induction chemotherapy with chemoradiotherapy,11.303867403314918,0.9751381215469612,254.0,44.0
2,Induction chemotherapy with chemoradiotherapy,11.486187845303867,0.9751381215469612,255.0,44.0
2,Induction chemotherapy with chemoradiotherapy,11.668508287292816,0.9751381215469612,256.0,44.0
2,Induction chemotherapy with chemoradiotherapy,11.85082872928177,0.9751381215469612,257.0,44.0
2,Induction chemotherapy with chemoradiotherapy,12.033149171270718,0.9751381215469612,258.0,44.0
2,Induction chemotherapy with chemoradiotherapy,12.215469613259668,0.9751381215469612,259.0,45.0
2,Induction chemotherapy with chemoradiotherapy,12.397790055248619,0.9751381215469612,260.0,45.0
2,Induction chemotherapy with chemoradiotherapy,12.58011049723757,0.9723756906077348,261.0,45.0
2,Induction chemotherapy with chemoradiotherapy,12.762430939226519,0.9723756906077348,262.0,46.0
2,Induction chemotherapy with chemoradiotherapy,12.94475138121547,0.9723756906077348,263.0,44.0
2,Induction chemotherapy with chemoradiotherapy,13.12707182320442,0.9640883977900552,264.0,45.0
2,Induction chemotherapy with chemoradiotherapy,13.30939226519337,0.9640883977900552,265.0,47.0
2,Induction chemotherapy with chemoradiotherapy,13.491712707182321,0.9640883977900552,266.0,48.0
2,Induction chemotherapy with chemoradiotherapy,13.67403314917127,0.9640883977900552,267.0,49.0
2,Induction chemotherapy with chemoradiotherapy,13.85635359116022,0.9558011049723757,268.0,49.0
2,Induction chemotherapy with chemoradiotherapy,14.038674033149173,0.9558011049723757,269.0,52.0
2,Induction chemotherapy with chemoradiotherapy,14.220994475138122,0.9558011049723757,270.0,49.0
2,Induction chemotherapy with chemoradiotherapy,14.403314917127071,0.9558011049723757,271.0,49.0
2,Induction chemotherapy with chemoradiotherapy,14.585635359116022,0.9558011049723757,272.0,51.0
2,Induction chemotherapy with chemoradiotherapy,14.767955801104973,0.9558011049723757,273.0,49.0
2,Induction chemotherapy with chemoradiotherapy,14.950276243093922,0.9558011049723757,274.0,52.0
2,Induction chemotherapy with chemoradiotherapy,15.132596685082873,0.9558011049723757,275.0,49.0
2,Induction chemotherapy with chemoradiotherapy,15.314917127071823,0.9558011049723757,276.0,49.0
2,Induction chemotherapy with chemoradiotherapy,15.497237569060774,0.9558011049723757,277.0,49.0
2,Induction chemotherapy with chemoradiotherapy,15.679558011049725,0.9558011049723757,278.0,49.0
2,Induction chemotherapy with chemoradiotherapy,15.861878453038674,0.9558011049723757,279.0,49.0
2,Induction chemotherapy with chemoradiotherapy,16.044198895027623,0.9558011049723757,280.0,50.0
2,Induction chemotherapy with chemoradiotherapy,16.226519337016576,0.9558011049723757,281.0,50.0
2,Induction chemotherapy with chemoradiotherapy,16.408839779005525,0.9530386740331491,282.0,50.0
2,Induction chemotherapy with chemoradiotherapy,16.591160220994478,0.9530386740331491,283.0,53.0
2,Induction chemotherapy with chemoradiotherapy,16.773480662983427,0.9530386740331491,284.0,53.0
2,Induction chemotherapy with chemoradiotherapy,16.955801104972377,0.9530386740331491,285.0,53.0
2,Induction chemotherapy with chemoradiotherapy,17.138121546961326,0.9530386740331491,286.0,53.0
2,Induction chemotherapy with chemoradiotherapy,17.320441988950275,0.9475138121546961,287.0,53.0
2,Induction chemotherapy with chemoradiotherapy,17.502762430939224,0.9475138121546961,288.0,55.0
2,Induction chemotherapy with chemoradiotherapy,17.685082872928177,0.9475138121546961,289.0,53.0
2,Induction chemotherapy with chemoradiotherapy,17.867403314917127,0.9475138121546961,290.0,53.0
2,Induction chemotherapy with chemoradiotherapy,18.04972375690608,0.9475138121546961,291.0,54.0
2,Induction chemotherapy with chemoradiotherapy,18.23204419889503,0.9475138121546961,292.0,54.0
2,Induction chemotherapy with chemoradiotherapy,18.414364640883978,0.9447513812154696,293.0,54.0
2,Induction chemotherapy with chemoradiotherapy,18.596685082872927,0.9447513812154696,294.0,56.0
2,Induction chemotherapy with chemoradiotherapy,18.77900552486188,0.9447513812154696,295.0,56.0
2,Induction chemotherapy with chemoradiotherapy,18.96132596685083,0.9447513812154696,296.0,56.0
2,Induction chemotherapy with chemoradiotherapy,19.14364640883978,0.9447513812154696,297.0,55.0
2,Induction chemotherapy with chemoradiotherapy,19.325966850828728,0.9447513812154696,298.0,55.0
2,Induction chemotherapy with chemoradiotherapy,19.50828729281768,0.9447513812154696,299.0,56.0
2,Induction chemotherapy with chemoradiotherapy,19.69060773480663,0.9337016574585636,300.0,56.0
2,Induction chemotherapy with chemoradiotherapy,19.87292817679558,0.9337016574585636,301.0,60.0
2,Induction chemotherapy with chemoradiotherapy,20.055248618784532,0.9337016574585636,302.0,60.0
2,Induction chemotherapy with chemoradiotherapy,20.23756906077348,0.9337016574585636,303.0,60.0
2,Induction chemotherapy with chemoradiotherapy,20.41988950276243,0.9337016574585636,304.0,56.0
2,Induction chemotherapy with chemoradiotherapy,20.60220994475138,0.9337016574585636,305.0,56.0
2,Induction chemotherapy with chemoradiotherapy,20.78453038674033,0.9337016574585636,306.0,59.0
2,Induction chemotherapy with chemoradiotherapy,20.96685082872928,0.9226519337016574,307.0,59.0
2,Induction chemotherapy with chemoradiotherapy,21.149171270718234,0.9226519337016574,308.0,61.0
2,Induction chemotherapy with chemoradiotherapy,21.331491712707184,0.9226519337016574,309.0,64.0
2,Induction chemotherapy with chemoradiotherapy,21.513812154696133,0.9226519337016574,310.0,64.0
2,Induction chemotherapy with chemoradiotherapy,21.696132596685082,0.9171270718232044,311.0,64.0
2,Induction chemotherapy with chemoradiotherapy,21.87845303867403,0.9171270718232044,312.0,65.0
2,Induction chemotherapy with chemoradiotherapy,22.06077348066298,0.9171270718232044,313.0,66.0
2,Induction chemotherapy with chemoradiotherapy,22.243093922651937,0.9116022099447514,314.0,64.0
2,Induction chemotherapy with chemoradiotherapy,22.425414364640886,0.9116022099447514,315.0,68.0
2,Induction chemotherapy with chemoradiotherapy,22.607734806629836,0.9116022099447514,316.0,68.0
2,Induction chemotherapy with chemoradiotherapy,22.790055248618785,0.9060773480662984,317.0,68.0
2,Induction chemotherapy with chemoradiotherapy,22.972375690607734,0.9060773480662984,318.0,69.0
2,Induction chemotherapy with chemoradiotherapy,23.154696132596683,0.9060773480662984,319.0,70.0
2,Induction chemotherapy with chemoradiotherapy,23.337016574585633,0.8977900552486188,320.0,68.0
2,Induction chemotherapy with chemoradiotherapy,23.519337016574585,0.8977900552486188,321.0,72.0
2,Induction chemotherapy with chemoradiotherapy,23.70165745856354,0.8977900552486188,322.0,73.0
2,Induction chemotherapy with chemoradiotherapy,23.883977900552487,0.8950276243093923,323.0,71.0
2,Induction chemotherapy with chemoradiotherapy,24.066298342541437,0.8950276243093923,324.0,74.0
2,Induction chemotherapy with chemoradiotherapy,24.248618784530386,0.8950276243093923,325.0,74.0
2,Induction chemotherapy with chemoradiotherapy,24.430939226519335,0.8950276243093923,326.0,73.0
2,Induction chemotherapy with chemoradiotherapy,24.613259668508288,0.8950276243093923,327.0,73.0
2,Induction chemotherapy with chemoradiotherapy,24.795580110497237,0.8950276243093923,328.0,73.0
2,Induction chemotherapy with chemoradiotherapy,24.977900552486187,0.8895027624309393,329.0,73.0
2,Induction chemotherapy with chemoradiotherapy,25.16022099447514,0.8895027624309393,330.0,76.0
2,Induction chemotherapy with chemoradiotherapy,25.34254143646409,0.8895027624309393,331.0,76.0
2,Induction chemotherapy with chemoradiotherapy,25.524861878453038,0.8895027624309393,332.0,76.0
2,Induction chemotherapy with chemoradiotherapy,25.70718232044199,0.8895027624309393,333.0,76.0
2,Induction chemotherapy with chemoradiotherapy,25.88950276243094,0.8867403314917126,334.0,76.0
2,Induction chemotherapy with chemoradiotherapy,26.07182320441989,0.8867403314917126,335.0,77.0
2,Induction chemotherapy with chemoradiotherapy,26.25414364640884,0.8867403314917126,336.0,77.0
2,Induction chemotherapy with chemoradiotherapy,26.436464088397788,0.8812154696132596,337.0,77.0
2,Induction chemotherapy with chemoradiotherapy,26.61878453038674,0.8812154696132596,338.0,79.0
2,Induction chemotherapy with chemoradiotherapy,26.801104972375693,0.8812154696132596,339.0,79.0
2,Induction chemotherapy with chemoradiotherapy,26.983425414364643,0.8812154696132596,340.0,79.0
2,Induction chemotherapy with chemoradiotherapy,27.165745856353592,0.8812154696132596,341.0,79.0
2,Induction chemotherapy with chemoradiotherapy,27.34806629834254,0.8812154696132596,342.0,79.0
2,Induction chemotherapy with chemoradiotherapy,27.53038674033149,0.8812154696132596,343.0,78.0
2,Induction chemotherapy with chemoradiotherapy,27.71270718232044,0.8812154696132596,344.0,78.0
2,Induction chemotherapy with chemoradiotherapy,27.895027624309392,0.8812154696132596,345.0,78.0
2,Induction chemotherapy with chemoradiotherapy,28.077348066298345,0.8812154696132596,346.0,78.0
2,Induction chemotherapy with chemoradiotherapy,28.259668508287294,0.8812154696132596,347.0,78.0
2,Induction chemotherapy with chemoradiotherapy,28.441988950276244,0.8812154696132596,348.0,78.0
2,Induction chemotherapy with chemoradiotherapy,28.624309392265193,0.8812154696132596,349.0,78.0
2,Induction chemotherapy with chemoradiotherapy,28.806629834254142,0.8812154696132596,350.0,78.0
2,Induction chemotherapy with chemoradiotherapy,28.98895027624309,0.8812154696132596,351.0,78.0
2,Induction chemotherapy with chemoradiotherapy,29.171270718232044,0.8812154696132596,352.0,79.0
2,Induction chemotherapy with chemoradiotherapy,29.353591160220994,0.8812154696132596,353.0,79.0
2,Induction chemotherapy with chemoradiotherapy,29.535911602209946,0.8812154696132596,354.0,79.0
2,Induction chemotherapy with chemoradiotherapy,29.718232044198896,0.8812154696132596,355.0,79.0
2,Induction chemotherapy with chemoradiotherapy,29.900552486187845,0.8812154696132596,356.0,79.0
2,Induction chemotherapy with chemoradiotherapy,30.082872928176794,0.8812154696132596,357.0,79.0
2,Induction chemotherapy with chemoradiotherapy,30.265193370165747,0.8812154696132596,358.0,79.0
2,Induction chemotherapy with chemoradiotherapy,30.447513812154696,0.8756906077348066,359.0,76.0
2,Induction chemotherapy with chemoradiotherapy,30.629834254143645,0.8756906077348066,360.0,81.0
2,Induction chemotherapy with chemoradiotherapy,30.812154696132595,0.8756906077348066,361.0,79.0
2,Induction chemotherapy with chemoradiotherapy,30.994475138121548,0.8756906077348066,362.0,79.0
2,Induction chemotherapy with chemoradiotherapy,31.176795580110497,0.8646408839779005,363.0,79.0
2,Induction chemotherapy with chemoradiotherapy,31.35911602209945,0.8646408839779005,364.0,85.0
2,Induction chemotherapy with chemoradiotherapy,31.5414364640884,0.8646408839779005,365.0,85.0
2,Induction chemotherapy with chemoradiotherapy,31.723756906077348,0.8591160220994475,366.0,85.0
2,Induction chemotherapy with chemoradiotherapy,31.906077348066297,0.8591160220994475,367.0,87.0
2,Induction chemotherapy with chemoradiotherapy,32.08839779005525,0.8591160220994475,368.0,85.0
2,Induction chemotherapy with chemoradiotherapy,32.270718232044196,0.8591160220994475,369.0,85.0
2,Induction chemotherapy with chemoradiotherapy,32.45303867403315,0.8591160220994475,370.0,85.0
2,Induction chemotherapy with chemoradiotherapy,32.6353591160221,0.8591160220994475,371.0,85.0
2,Induction chemotherapy with chemoradiotherapy,32.81767955801105,0.8591160220994475,372.0,87.0
2,Induction chemotherapy with chemoradiotherapy,33.0,0.850828729281768,373.0,87.0
2,Induction chemotherapy with chemoradiotherapy,33.182320441988956,0.850828729281768,374.0,90.0
2,Induction chemotherapy with chemoradiotherapy,33.3646408839779,0.850828729281768,375.0,90.0
2,Induction chemotherapy with chemoradiotherapy,33.546961325966855,0.850828729281768,376.0,87.0
2,Induction chemotherapy with chemoradiotherapy,33.7292817679558,0.850828729281768,377.0,87.0
2,Induction chemotherapy with chemoradiotherapy,33.91160220994475,0.850828729281768,378.0,90.0
2,Induction chemotherapy with chemoradiotherapy,34.093922651933696,0.850828729281768,379.0,90.0
2,Induction chemotherapy with chemoradiotherapy,34.27624309392265,0.850828729281768,380.0,90.0
2,Induction chemotherapy with chemoradiotherapy,34.45856353591161,0.850828729281768,381.0,90.0
2,Induction chemotherapy with chemoradiotherapy,34.64088397790055,0.850828729281768,382.0,90.0
2,Induction chemotherapy with chemoradiotherapy,34.82320441988951,0.850828729281768,383.0,90.0
2,Induction chemotherapy with chemoradiotherapy,35.00552486187845,0.850828729281768,384.0,90.0
2,Induction chemotherapy with chemoradiotherapy,35.187845303867405,0.8480662983425414,385.0,90.0
2,Induction chemotherapy with chemoradiotherapy,35.370165745856355,0.8480662983425414,386.0,91.0
2,Induction chemotherapy with chemoradiotherapy,35.552486187845304,0.8480662983425414,387.0,91.0
2,Induction chemotherapy with chemoradiotherapy,35.73480662983425,0.8480662983425414,388.0,91.0
2,Induction chemotherapy with chemoradiotherapy,35.9171270718232,0.8480662983425414,389.0,91.0
2,Induction chemotherapy with chemoradiotherapy,36.09944751381216,0.8480662983425414,390.0,91.0
2,Induction chemotherapy with chemoradiotherapy,36.2817679558011,0.8480662983425414,391.0,91.0
2,Induction chemotherapy with chemoradiotherapy,36.46408839779006,0.8480662983425414,392.0,91.0
2,Induction chemotherapy with chemoradiotherapy,36.646408839779006,0.8480662983425414,393.0,91.0
2,Induction chemotherapy with chemoradiotherapy,36.828729281767956,0.8480662983425414,394.0,91.0
2,Induction chemotherapy with chemoradiotherapy,37.011049723756905,0.8480662983425414,395.0,91.0
2,Induction chemotherapy with chemoradiotherapy,37.193370165745854,0.8480662983425414,396.0,91.0
2,Induction chemotherapy with chemoradiotherapy,37.37569060773481,0.8480662983425414,397.0,91.0
2,Induction chemotherapy with chemoradiotherapy,37.55801104972376,0.8480662983425414,398.0,91.0
2,Induction chemotherapy with chemoradiotherapy,37.74033149171271,0.8480662983425414,399.0,91.0
2,Induction chemotherapy with chemoradiotherapy,37.92265193370166,0.8425414364640883,400.0,91.0
2,Induction chemotherapy with chemoradiotherapy,38.10497237569061,0.8425414364640883,401.0,93.0
2,Induction chemotherapy with chemoradiotherapy,38.28729281767956,0.8425414364640883,402.0,93.0
2,Induction chemotherapy with chemoradiotherapy,38.469613259668506,0.8425414364640883,403.0,93.0
2,Induction chemotherapy with chemoradiotherapy,38.651933701657455,0.8425414364640883,404.0,93.0
2,Induction chemotherapy with chemoradiotherapy,38.83425414364641,0.8425414364640883,405.0,93.0
2,Induction chemotherapy with chemoradiotherapy,39.01657458563536,0.8425414364640883,406.0,93.0
2,Induction chemotherapy with chemoradiotherapy,39.19889502762431,0.8425414364640883,407.0,93.0
2,Induction chemotherapy with chemoradiotherapy,39.38121546961326,0.8425414364640883,408.0,91.0
2,Induction chemotherapy with chemoradiotherapy,39.56353591160221,0.8425414364640883,409.0,91.0
2,Induction chemotherapy with chemoradiotherapy,39.74585635359116,0.8425414364640883,410.0,91.0
2,Induction chemotherapy with chemoradiotherapy,39.92817679558011,0.8425414364640883,411.0,91.0
2,Induction chemotherapy with chemoradiotherapy,40.110497237569064,0.8425414364640883,412.0,91.0
2,Induction chemotherapy with chemoradiotherapy,40.29281767955801,0.8425414364640883,413.0,91.0
2,Induction chemotherapy with chemoradiotherapy,40.47513812154696,0.8425414364640883,414.0,91.0
2,Induction chemotherapy with chemoradiotherapy,40.65745856353591,0.8425414364640883,415.0,91.0
2,Induction chemotherapy with chemoradiotherapy,40.83977900552486,0.8425414364640883,416.0,91.0
2,Induction chemotherapy with chemoradiotherapy,41.02209944751382,0.8425414364640883,417.0,91.0
2,Induction chemotherapy with chemoradiotherapy,41.20441988950276,0.8425414364640883,418.0,91.0
2,Induction chemotherapy with chemoradiotherapy,41.386740331491715,0.8425414364640883,419.0,91.0
2,Induction chemotherapy with chemoradiotherapy,41.56906077348066,0.8425414364640883,420.0,91.0
2,Induction chemotherapy with chemoradiotherapy,41.751381215469614,0.8425414364640883,421.0,92.0
2,Induction chemotherapy with chemoradiotherapy,41.93370165745856,0.8425414364640883,422.0,91.0
2,Induction chemotherapy with chemoradiotherapy,42.11602209944751,0.8425414364640883,423.0,91.0
2,Induction chemotherapy with chemoradiotherapy,42.29834254143647,0.8425414364640883,424.0,91.0
2,Induction chemotherapy with chemoradiotherapy,42.48066298342541,0.8425414364640883,425.0,91.0
2,Induction chemotherapy with chemoradiotherapy,42.66298342541437,0.8425414364640883,426.0,93.0
2,Induction chemotherapy with chemoradiotherapy,42.84530386740331,0.8425414364640883,427.0,91.0
2,Induction chemotherapy with chemoradiotherapy,43.027624309392266,0.8425414364640883,428.0,91.0
2,Induction chemotherapy with chemoradiotherapy,43.209944751381215,0.8425414364640883,429.0,90.0
2,Induction chemotherapy with chemoradiotherapy,43.392265193370164,0.8425414364640883,430.0,90.0
2,Induction chemotherapy with chemoradiotherapy,43.57458563535912,0.8425414364640883,431.0,91.0
2,Induction chemotherapy with chemoradiotherapy,43.75690607734806,0.8425414364640883,432.0,92.0
2,Induction chemotherapy with chemoradiotherapy,43.93922651933702,0.8425414364640883,433.0,91.0
2,Induction chemotherapy with chemoradiotherapy,44.12154696132596,0.8425414364640883,434.0,91.0
2,Induction chemotherapy with chemoradiotherapy,44.30386740331492,0.8425414364640883,435.0,92.0
2,Induction chemotherapy with chemoradiotherapy,44.486187845303874,0.8370165745856353,436.0,93.0
2,Induction chemotherapy with chemoradiotherapy,44.668508287292816,0.8370165745856353,437.0,95.0
2,Induction chemotherapy with chemoradiotherapy,44.85082872928177,0.8370165745856353,438.0,95.0
2,Induction chemotherapy with chemoradiotherapy,45.033149171270715,0.8370165745856353,439.0,95.0
2,Induction chemotherapy with chemoradiotherapy,45.21546961325967,0.8370165745856353,440.0,95.0
2,Induction chemotherapy with chemoradiotherapy,45.39779005524861,0.8370165745856353,441.0,95.0
2,Induction chemotherapy with chemoradiotherapy,45.58011049723757,0.8370165745856353,442.0,95.0
2,Induction chemotherapy with chemoradiotherapy,45.76243093922652,0.8370165745856353,443.0,95.0
2,Induction chemotherapy with chemoradiotherapy,45.94475138121547,0.8370165745856353,444.0,95.0
2,Induction chemotherapy with chemoradiotherapy,46.127071823204425,0.8370165745856353,445.0,95.0
2,Induction chemotherapy with chemoradiotherapy,46.30939226519337,0.8370165745856353,446.0,94.0
2,Induction chemotherapy with chemoradiotherapy,46.49171270718232,0.8370165745856353,447.0,94.0
2,Induction chemotherapy with chemoradiotherapy,46.674033149171265,0.8370165745856353,448.0,93.0
2,Induction chemotherapy with chemoradiotherapy,46.85635359116022,0.8370165745856353,449.0,93.0
2,Induction chemotherapy with chemoradiotherapy,47.03867403314917,0.8370165745856353,450.0,93.0
2,Induction chemotherapy with chemoradiotherapy,47.22099447513812,0.8370165745856353,451.0,93.0
2,Induction chemotherapy with chemoradiotherapy,47.40331491712708,0.8370165745856353,452.0,93.0
2,Induction chemotherapy with chemoradiotherapy,47.58563535911602,0.8370165745856353,453.0,92.0
2,Induction chemotherapy with chemoradiotherapy,47.767955801104975,0.8370165745856353,454.0,92.0
2,Induction chemotherapy with chemoradiotherapy,47.950276243093924,0.8370165745856353,455.0,92.0
2,Induction chemotherapy with chemoradiotherapy,48.13259668508287,0.8370165745856353,456.0,92.0
2,Induction chemotherapy with chemoradiotherapy,48.31491712707182,0.8370165745856353,457.0,95.0
2,Induction chemotherapy with chemoradiotherapy,48.49723756906077,0.8370165745856353,458.0,95.0
2,Induction chemotherapy with chemoradiotherapy,48.67955801104972,0.8370165745856353,459.0,95.0
2,Induction chemotherapy with chemoradiotherapy,48.86187845303867,0.8370165745856353,460.0,95.0
2,Induction chemotherapy with chemoradiotherapy,49.04419889502763,0.8370165745856353,461.0,93.0
2,Induction chemotherapy with chemoradiotherapy,49.226519337016576,0.8370165745856353,462.0,95.0
2,Induction chemotherapy with chemoradiotherapy,49.408839779005525,0.8370165745856353,463.0,95.0
2,Induction chemotherapy with chemoradiotherapy,49.591160220994475,0.8370165745856353,464.0,95.0
2,Induction chemotherapy with chemoradiotherapy,49.773480662983424,0.8370165745856353,465.0,95.0
2,Induction chemotherapy with chemoradiotherapy,49.95580110497237,0.8370165745856353,466.0,95.0
2,Induction chemotherapy with chemoradiotherapy,50.13812154696133,0.8370165745856353,467.0,91.0
2,Induction chemotherapy with chemoradiotherapy,50.32044198895028,0.8370165745856353,468.0,93.0
2,Induction chemotherapy with chemoradiotherapy,50.50276243093923,0.8370165745856353,469.0,93.0
2,Induction chemotherapy with chemoradiotherapy,50.68508287292818,0.8370165745856353,470.0,92.0
2,Induction chemotherapy with chemoradiotherapy,50.86740331491713,0.8370165745856353,471.0,95.0
2,Induction chemotherapy with chemoradiotherapy,51.049723756906076,0.8370165745856353,472.0,95.0
2,Induction chemotherapy with chemoradiotherapy,51.232044198895025,0.8370165745856353,473.0,95.0
2,Induction chemotherapy with chemoradiotherapy,51.41436464088398,0.8370165745856353,474.0,95.0
2,Induction chemotherapy with chemoradiotherapy,51.59668508287292,0.8287292817679558,475.0,95.0
2,Induction chemotherapy with chemoradiotherapy,51.77900552486188,0.8287292817679558,476.0,98.0
2,Induction chemotherapy with chemoradiotherapy,51.96132596685083,0.8287292817679558,477.0,94.0
2,Induction chemotherapy with chemoradiotherapy,52.14364640883978,0.8287292817679558,478.0,94.0
2,Induction chemotherapy with chemoradiotherapy,52.325966850828735,0.8287292817679558,479.0,98.0
2,Induction chemotherapy with chemoradiotherapy,52.50828729281768,0.8287292817679558,480.0,95.0
2,Induction chemotherapy with chemoradiotherapy,52.69060773480663,0.8287292817679558,481.0,95.0
2,Induction chemotherapy with chemoradiotherapy,52.872928176795575,0.8287292817679558,482.0,95.0
2,Induction chemotherapy with chemoradiotherapy,53.05524861878453,0.8287292817679558,483.0,98.0
2,Induction chemotherapy with chemoradiotherapy,53.23756906077348,0.8287292817679558,484.0,98.0
2,Induction chemotherapy with chemoradiotherapy,53.41988950276243,0.8287292817679558,485.0,98.0
2,Induction chemotherapy with chemoradiotherapy,53.60220994475139,0.8176795580110497,486.0,98.0
2,Induction chemotherapy with chemoradiotherapy,53.78453038674033,0.8176795580110497,487.0,100.0
2,Induction chemotherapy with chemoradiotherapy,53.966850828729285,0.8176795580110497,488.0,102.0
2,Induction chemotherapy with chemoradiotherapy,54.14917127071823,0.8176795580110497,489.0,102.0
2,Induction chemotherapy with chemoradiotherapy,54.331491712707184,0.8176795580110497,490.0,102.0
2,Induction chemotherapy with chemoradiotherapy,54.513812154696126,0.8176795580110497,491.0,102.0
2,Induction chemotherapy with chemoradiotherapy,54.69613259668508,0.8176795580110497,492.0,102.0
2,Induction chemotherapy with chemoradiotherapy,54.87845303867404,0.8176795580110497,493.0,102.0
2,Induction chemotherapy with chemoradiotherapy,55.06077348066298,0.8176795580110497,494.0,102.0
2,Induction chemotherapy with chemoradiotherapy,55.24309392265194,0.8176795580110497,495.0,102.0
2,Induction chemotherapy with chemoradiotherapy,55.42541436464088,0.8176795580110497,496.0,102.0
2,Induction chemotherapy with chemoradiotherapy,55.607734806629836,0.8093922651933702,497.0,100.0
2,Induction chemotherapy with chemoradiotherapy,55.790055248618785,0.8093922651933702,498.0,105.0
2,Induction chemotherapy with chemoradiotherapy,55.972375690607734,0.8093922651933702,499.0,105.0
2,Induction chemotherapy with chemoradiotherapy,56.15469613259669,0.8093922651933702,500.0,105.0
2,Induction chemotherapy with chemoradiotherapy,56.33701657458563,0.8093922651933702,501.0,105.0
2,Induction chemotherapy with chemoradiotherapy,56.51933701657459,0.8093922651933702,502.0,105.0
2,Induction chemotherapy with chemoradiotherapy,56.70165745856353,0.8038674033149171,503.0,105.0
2,Induction chemotherapy with chemoradiotherapy,56.88397790055249,0.8038674033149171,504.0,107.0
2,Induction chemotherapy with chemoradiotherapy,57.06629834254144,0.8038674033149171,505.0,105.0
2,Induction chemotherapy with chemoradiotherapy,57.248618784530386,0.8038674033149171,506.0,105.0
2,Induction chemotherapy with chemoradiotherapy,57.43093922651934,0.8038674033149171,507.0,105.0
2,Induction chemotherapy with chemoradiotherapy,57.613259668508285,0.8038674033149171,508.0,105.0
2,Induction chemotherapy with chemoradiotherapy,57.79558011049724,0.8038674033149171,509.0,105.0
2,Induction chemotherapy with chemoradiotherapy,57.97790055248618,0.8038674033149171,510.0,105.0
2,Induction chemotherapy with chemoradiotherapy,58.16022099447514,0.8011049723756907,511.0,105.0
2,Induction chemotherapy with chemoradiotherapy,58.34254143646409,0.8011049723756907,512.0,108.0
2,Induction chemotherapy with chemoradiotherapy,58.52486187845304,0.8011049723756907,513.0,107.0
2,Induction chemotherapy with chemoradiotherapy,58.70718232044199,0.8011049723756907,514.0,107.0
2,Induction chemotherapy with chemoradiotherapy,58.889502762430936,0.798342541436464,515.0,107.0
2,Induction chemotherapy with chemoradiotherapy,59.07182320441989,0.798342541436464,516.0,109.0
2,Induction chemotherapy with chemoradiotherapy,59.25414364640884,0.798342541436464,517.0,109.0
2,Induction chemotherapy with chemoradiotherapy,59.43646408839779,0.798342541436464,518.0,109.0
2,Induction chemotherapy with chemoradiotherapy,59.61878453038674,0.798342541436464,519.0,109.0
2,Induction chemotherapy with chemoradiotherapy,59.80110497237569,0.7955801104972376,520.0,109.0
2,Induction chemotherapy with chemoradiotherapy,59.98342541436464,0.7955801104972376,521.0,110.0
2,Induction chemotherapy with chemoradiotherapy,60.16574585635359,0.7955801104972376,522.0,110.0
2,Induction chemotherapy with chemoradiotherapy,60.348066298342545,0.7955801104972376,523.0,110.0
2,Induction chemotherapy with chemoradiotherapy,60.530386740331494,0.7900552486187845,524.0,109.0
2,Induction chemotherapy with chemoradiotherapy,60.71270718232044,0.7900552486187845,525.0,112.0
2,Induction chemotherapy with chemoradiotherapy,60.89502762430939,0.7900552486187845,526.0,112.0
2,Induction chemotherapy with chemoradiotherapy,61.07734806629834,0.7900552486187845,527.0,112.0
2,Induction chemotherapy with chemoradiotherapy,61.25966850828729,0.7900552486187845,528.0,112.0
2,Induction chemotherapy with chemoradiotherapy,61.44198895027624,0.7900552486187845,529.0,112.0
2,Induction chemotherapy with chemoradiotherapy,61.62430939226519,0.7900552486187845,530.0,112.0
2,Induction chemotherapy with chemoradiotherapy,61.806629834254146,0.7900552486187845,531.0,112.0
2,Induction chemotherapy with chemoradiotherapy,61.988950276243095,0.7900552486187845,532.0,112.0
2,Induction chemotherapy with chemoradiotherapy,62.171270718232044,0.7900552486187845,533.0,112.0
2,Induction chemotherapy with chemoradiotherapy,62.353591160220994,0.7900552486187845,534.0,112.0
2,Induction chemotherapy with chemoradiotherapy,62.53591160220994,0.7900552486187845,535.0,112.0
2,Induction chemotherapy with chemoradiotherapy,62.7182320441989,0.7900552486187845,536.0,112.0
2,Induction chemotherapy with chemoradiotherapy,62.90055248618784,0.7900552486187845,537.0,112.0
2,Induction chemotherapy with chemoradiotherapy,63.0828729281768,0.7900552486187845,538.0,112.0
2,Induction chemotherapy with chemoradiotherapy,63.26519337016575,0.7817679558011049,539.0,112.0
2,Induction chemotherapy with chemoradiotherapy,63.447513812154696,0.7817679558011049,540.0,115.0
2,Induction chemotherapy with chemoradiotherapy,63.629834254143645,0.7790055248618785,541.0,114.0
2,Induction chemotherapy with chemoradiotherapy,63.812154696132595,0.7790055248618785,542.0,116.0
2,Induction chemotherapy with chemoradiotherapy,63.99447513812155,0.7790055248618785,543.0,116.0
2,Induction chemotherapy with chemoradiotherapy,64.1767955801105,0.7790055248618785,544.0,116.0
2,Induction chemotherapy with chemoradiotherapy,64.35911602209944,0.7790055248618785,545.0,115.0
2,Induction chemotherapy with chemoradiotherapy,64.54143646408839,0.7790055248618785,546.0,115.0
2,Induction chemotherapy with chemoradiotherapy,64.72375690607734,0.7790055248618785,547.0,116.0
2,Induction chemotherapy with chemoradiotherapy,64.9060773480663,0.7790055248618785,548.0,116.0
2,Induction chemotherapy with chemoradiotherapy,65.08839779005525,0.7790055248618785,549.0,116.0
2,Induction chemotherapy with chemoradiotherapy,65.2707182320442,0.7790055248618785,550.0,116.0
2,Induction chemotherapy with chemoradiotherapy,65.45303867403315,0.7790055248618785,551.0,116.0
2,Induction chemotherapy with chemoradiotherapy,65.6353591160221,0.7790055248618785,552.0,116.0
2,Induction chemotherapy with chemoradiotherapy,65.81767955801105,0.7790055248618785,553.0,116.0
2,Induction chemotherapy with chemoradiotherapy,66.0,0.7790055248618785,554.0,116.0
2,Induction chemotherapy with chemoradiotherapy,66.18232044198895,0.7790055248618785,555.0,116.0
2,Induction chemotherapy with chemoradiotherapy,66.36464088397791,0.7790055248618785,556.0,116.0
2,Induction chemotherapy with chemoradiotherapy,66.54696132596685,0.7790055248618785,557.0,116.0
2,Induction chemotherapy with chemoradiotherapy,66.7292817679558,0.7790055248618785,558.0,114.0
2,Induction chemotherapy with chemoradiotherapy,66.91160220994475,0.7790055248618785,559.0,114.0
2,Induction chemotherapy with chemoradiotherapy,67.09392265193371,0.7790055248618785,560.0,115.0
2,Induction chemotherapy with chemoradiotherapy,67.27624309392266,0.7790055248618785,561.0,115.0
2,Induction chemotherapy with chemoradiotherapy,67.4585635359116,0.7790055248618785,562.0,116.0
2,Induction chemotherapy with chemoradiotherapy,67.64088397790056,0.7790055248618785,563.0,116.0
2,Induction chemotherapy with chemoradiotherapy,67.8232044198895,0.7734806629834254,564.0,116.0
2,Induction chemotherapy with chemoradiotherapy,68.00552486187846,0.7734806629834254,565.0,118.0
2,Induction chemotherapy with chemoradiotherapy,68.18784530386739,0.7734806629834254,566.0,117.0
2,Induction chemotherapy with chemoradiotherapy,68.37016574585635,0.7734806629834254,567.0,117.0
2,Induction chemotherapy with chemoradiotherapy,68.5524861878453,0.7734806629834254,568.0,117.0
2,Induction chemotherapy with chemoradiotherapy,68.73480662983425,0.7734806629834254,569.0,117.0
2,Induction chemotherapy with chemoradiotherapy,68.91712707182322,0.7734806629834254,570.0,117.0
2,Induction chemotherapy with chemoradiotherapy,69.09944751381215,0.7734806629834254,571.0,117.0
2,Induction chemotherapy with chemoradiotherapy,69.2817679558011,0.7734806629834254,572.0,117.0
2,Induction chemotherapy with chemoradiotherapy,69.46408839779005,0.7734806629834254,573.0,117.0
2,Induction chemotherapy with chemoradiotherapy,69.64640883977901,0.7707182320441989,574.0,117.0
2,Induction chemotherapy with chemoradiotherapy,69.82872928176796,0.7707182320441989,575.0,119.0
2,Induction chemotherapy with chemoradiotherapy,70.0110497237569,0.7707182320441989,576.0,117.0
2,Induction chemotherapy with chemoradiotherapy,70.19337016574585,0.7707182320441989,577.0,116.0
2,Induction chemotherapy with chemoradiotherapy,70.37569060773481,0.7707182320441989,578.0,116.0
2,Induction chemotherapy with chemoradiotherapy,70.55801104972376,0.7707182320441989,579.0,116.0
2,Induction chemotherapy with chemoradiotherapy,70.74033149171271,0.7707182320441989,580.0,119.0
2,Induction chemotherapy with chemoradiotherapy,70.92265193370166,0.7707182320441989,581.0,119.0
2,Induction chemotherapy with chemoradiotherapy,71.10497237569061,0.7707182320441989,582.0,117.0
2,Induction chemotherapy with chemoradiotherapy,71.28729281767956,0.7707182320441989,583.0,117.0
2,Induction chemotherapy with chemoradiotherapy,71.4696132596685,0.7707182320441989,584.0,117.0
2,Induction chemotherapy with chemoradiotherapy,71.65193370165747,0.7707182320441989,585.0,117.0
2,Induction chemotherapy with chemoradiotherapy,71.8342541436464,0.7707182320441989,586.0,117.0
2,Induction chemotherapy with chemoradiotherapy,72.01657458563535,0.7707182320441989,587.0,117.0
2,Induction chemotherapy with chemoradiotherapy,72.19889502762432,0.7707182320441989,588.0,117.0
2,Induction chemotherapy with chemoradiotherapy,72.38121546961327,0.7707182320441989,589.0,117.0
2,Induction chemotherapy with chemoradiotherapy,72.5635359116022,0.7707182320441989,590.0,118.0
2,Induction chemotherapy with chemoradiotherapy,72.74585635359115,0.7707182320441989,591.0,118.0
2,Induction chemotherapy with chemoradiotherapy,72.92817679558011,0.7707182320441989,592.0,118.0
2,Induction chemotherapy with chemoradiotherapy,73.11049723756906,0.7707182320441989,593.0,117.0
2,Induction chemotherapy with chemoradiotherapy,73.29281767955801,0.7707182320441989,594.0,117.0
2,Induction chemotherapy with chemoradiotherapy,73.47513812154696,0.7707182320441989,595.0,117.0
2,Induction chemotherapy with chemoradiotherapy,73.65745856353591,0.7596685082872928,596.0,117.0
2,Induction chemotherapy with chemoradiotherapy,73.83977900552486,0.7596685082872928,597.0,123.0
2,Induction chemotherapy with chemoradiotherapy,74.02209944751381,0.7596685082872928,598.0,123.0
2,Induction chemotherapy with chemoradiotherapy,74.20441988950277,0.7596685082872928,599.0,123.0
2,Induction chemotherapy with chemoradiotherapy,74.38674033149171,0.7596685082872928,600.0,123.0
2,Induction chemotherapy with chemoradiotherapy,74.56906077348066,0.7596685082872928,601.0,123.0
2,Induction chemotherapy with chemoradiotherapy,74.75138121546962,0.7596685082872928,602.0,123.0
2,Induction chemotherapy with chemoradiotherapy,74.93370165745857,0.7596685082872928,603.0,122.0
2,Induction chemotherapy with chemoradiotherapy,75.11602209944752,0.7596685082872928,604.0,122.0
2,Induction chemotherapy with chemoradiotherapy,75.29834254143645,0.7596685082872928,605.0,122.0
2,Induction chemotherapy with chemoradiotherapy,75.48066298342542,0.7596685082872928,606.0,122.0
2,Induction chemotherapy with chemoradiotherapy,75.66298342541437,0.7596685082872928,607.0,123.0
2,Induction chemotherapy with chemoradiotherapy,75.84530386740332,0.7596685082872928,608.0,123.0
2,Induction chemotherapy with chemoradiotherapy,76.02762430939225,0.7596685082872928,609.0,121.0
2,Induction chemotherapy with chemoradiotherapy,76.20994475138122,0.7569060773480664,610.0,123.0
2,Induction chemotherapy with chemoradiotherapy,76.39226519337016,0.7569060773480664,611.0,124.0
2,Induction chemotherapy with chemoradiotherapy,76.57458563535911,0.7513812154696133,612.0,124.0
2,Induction chemotherapy with chemoradiotherapy,76.75690607734808,0.7513812154696133,613.0,126.0
2,Induction chemotherapy with chemoradiotherapy,76.93922651933701,0.7513812154696133,614.0,125.0
2,Induction chemotherapy with chemoradiotherapy,77.12154696132596,0.7513812154696133,615.0,124.0
2,Induction chemotherapy with chemoradiotherapy,77.30386740331491,0.7513812154696133,616.0,124.0
2,Induction chemotherapy with chemoradiotherapy,77.48618784530387,0.7513812154696133,617.0,124.0
2,Induction chemotherapy with chemoradiotherapy,77.66850828729282,0.7513812154696133,618.0,124.0
2,Induction chemotherapy with chemoradiotherapy,77.85082872928176,0.7513812154696133,619.0,125.0
2,Induction chemotherapy with chemoradiotherapy,78.03314917127072,0.7513812154696133,620.0,125.0
2,Induction chemotherapy with chemoradiotherapy,78.21546961325967,0.7486187845303867,621.0,125.0
2,Induction chemotherapy with chemoradiotherapy,78.39779005524862,0.7486187845303867,622.0,127.0
2,Induction chemotherapy with chemoradiotherapy,78.58011049723757,0.7486187845303867,623.0,127.0
2,Induction chemotherapy with chemoradiotherapy,78.76243093922652,0.7486187845303867,624.0,124.0
2,Induction chemotherapy with chemoradiotherapy,78.94475138121547,0.7486187845303867,625.0,127.0
2,Induction chemotherapy with chemoradiotherapy,79.12707182320442,0.7486187845303867,626.0,125.0
2,Induction chemotherapy with chemoradiotherapy,79.30939226519338,0.7486187845303867,627.0,127.0
2,Induction chemotherapy with chemoradiotherapy,79.49171270718232,0.7486187845303867,628.0,124.0
2,Induction chemotherapy with chemoradiotherapy,79.67403314917127,0.7486187845303867,629.0,124.0
2,Induction chemotherapy with chemoradiotherapy,79.85635359116021,0.7486187845303867,630.0,125.0
2,Induction chemotherapy with chemoradiotherapy,80.03867403314918,0.7486187845303867,631.0,127.0
2,Induction chemotherapy with chemoradiotherapy,80.22099447513813,0.7486187845303867,632.0,125.0
2,Induction chemotherapy with chemoradiotherapy,80.40331491712706,0.7486187845303867,633.0,127.0
2,Induction chemotherapy with chemoradiotherapy,80.58563535911603,0.7486187845303867,634.0,127.0
2,Induction chemotherapy with chemoradiotherapy,80.76795580110497,0.7486187845303867,635.0,124.0
2,Induction chemotherapy with chemoradiotherapy,80.95027624309392,0.7486187845303867,636.0,124.0
2,Induction chemotherapy with chemoradiotherapy,81.13259668508287,0.7486187845303867,637.0,124.0
2,Induction chemotherapy with chemoradiotherapy,81.31491712707182,0.7486187845303867,638.0,124.0
2,Induction chemotherapy with chemoradiotherapy,81.49723756906077,0.7486187845303867,639.0,125.0
2,Induction chemotherapy with chemoradiotherapy,81.67955801104972,0.7486187845303867,640.0,127.0
2,Induction chemotherapy with chemoradiotherapy,81.86187845303868,0.7486187845303867,641.0,125.0
2,Induction chemotherapy with chemoradiotherapy,82.04419889502763,0.7486187845303867,642.0,125.0
2,Induction chemotherapy with chemoradiotherapy,82.22651933701657,0.7486187845303867,643.0,125.0
2,Induction chemotherapy with chemoradiotherapy,82.40883977900552,0.7486187845303867,644.0,127.0
2,Induction chemotherapy with chemoradiotherapy,82.59116022099448,0.7486187845303867,645.0,125.0
2,Induction chemotherapy with chemoradiotherapy,82.77348066298343,0.7486187845303867,646.0,127.0
2,Induction chemotherapy with chemoradiotherapy,82.95580110497237,0.7486187845303867,647.0,125.0
2,Induction chemotherapy with chemoradiotherapy,83.13812154696132,0.7486187845303867,648.0,124.0
2,Induction chemotherapy with chemoradiotherapy,83.32044198895028,0.7486187845303867,649.0,124.0
2,Induction chemotherapy with chemoradiotherapy,83.50276243093923,0.7486187845303867,650.0,124.0
2,Induction chemotherapy with chemoradiotherapy,83.68508287292818,0.7486187845303867,651.0,124.0
2,Induction chemotherapy with chemoradiotherapy,83.86740331491713,0.7486187845303867,652.0,125.0
2,Induction chemotherapy with chemoradiotherapy,84.04972375690608,0.7486187845303867,653.0,127.0
2,Induction chemotherapy with chemoradiotherapy,84.23204419889503,0.7486187845303867,654.0,125.0
2,Induction chemotherapy with chemoradiotherapy,84.41436464088397,0.7486187845303867,655.0,125.0
2,Induction chemotherapy with chemoradiotherapy,84.59668508287294,0.7486187845303867,656.0,125.0
2,Induction chemotherapy with chemoradiotherapy,84.77900552486187,0.7486187845303867,657.0,125.0
2,Induction chemotherapy with chemoradiotherapy,84.96132596685082,0.7486187845303867,658.0,127.0
2,Induction chemotherapy with chemoradiotherapy,85.14364640883979,0.7486187845303867,659.0,127.0
2,Induction chemotherapy with chemoradiotherapy,85.32596685082873,0.7486187845303867,660.0,124.0
2,Induction chemotherapy with chemoradiotherapy,85.50828729281768,0.7486187845303867,661.0,124.0
2,Induction chemotherapy with chemoradiotherapy,85.69060773480662,0.7486187845303867,662.0,127.0
2,Induction chemotherapy with chemoradiotherapy,85.87292817679558,0.7486187845303867,663.0,125.0
2,Induction chemotherapy with chemoradiotherapy,86.05524861878453,0.7486187845303867,664.0,125.0
2,Induction chemotherapy with chemoradiotherapy,86.23756906077348,0.7486187845303867,665.0,127.0
2,Induction chemotherapy with chemoradiotherapy,86.41988950276243,0.7486187845303867,666.0,127.0
2,Induction chemotherapy with chemoradiotherapy,86.60220994475138,0.7486187845303867,667.0,127.0
2,Induction chemotherapy with chemoradiotherapy,86.78453038674033,0.7486187845303867,668.0,127.0
2,Induction chemotherapy with chemoradiotherapy,86.96685082872928,0.7486187845303867,669.0,127.0
2,Induction chemotherapy with chemoradiotherapy,87.14917127071824,0.7486187845303867,670.0,127.0
2,Induction chemotherapy with chemoradiotherapy,87.33149171270718,0.7486187845303867,671.0,127.0
2,Induction chemotherapy with chemoradiotherapy,87.51381215469613,0.7486187845303867,672.0,127.0
2,Induction chemotherapy with chemoradiotherapy,87.69613259668509,0.7486187845303867,673.0,127.0
2,Induction chemotherapy with chemoradiotherapy,87.87845303867404,0.7486187845303867,674.0,127.0
2,Induction chemotherapy with chemoradiotherapy,88.06077348066299,0.7486187845303867,675.0,125.0
2,Induction chemotherapy with chemoradiotherapy,88.24309392265192,0.7486187845303867,676.0,127.0
2,Induction chemotherapy with chemoradiotherapy,88.42541436464089,0.7486187845303867,677.0,127.0
2,Induction chemotherapy with chemoradiotherapy,88.60773480662984,0.7486187845303867,678.0,124.0
2,Induction chemotherapy with chemoradiotherapy,88.79005524861878,0.7486187845303867,679.0,124.0
2,Induction chemotherapy with chemoradiotherapy,88.97237569060775,0.7486187845303867,680.0,124.0
2,Induction chemotherapy with chemoradiotherapy,89.15469613259668,0.7486187845303867,681.0,124.0
2,Induction chemotherapy with chemoradiotherapy,89.33701657458563,0.7486187845303867,682.0,124.0
2,Induction chemotherapy with chemoradiotherapy,89.51933701657458,0.7486187845303867,683.0,124.0
2,Induction chemotherapy with chemoradiotherapy,89.70165745856355,0.7486187845303867,684.0,125.0
2,Induction chemotherapy with chemoradiotherapy,89.88397790055248,0.7486187845303867,685.0,127.0
2,Induction chemotherapy with chemoradiotherapy,90.06629834254143,0.7486187845303867,686.0,127.0
2,Induction chemotherapy with chemoradiotherapy,90.24861878453038,0.7486187845303867,687.0,124.0
2,Induction chemotherapy with chemoradiotherapy,90.43093922651934,0.7486187845303867,688.0,124.0
2,Induction chemotherapy with chemoradiotherapy,90.61325966850829,0.7486187845303867,689.0,125.0
2,Induction chemotherapy with chemoradiotherapy,90.79558011049723,0.7486187845303867,690.0,127.0
2,Induction chemotherapy with chemoradiotherapy,90.97790055248619,0.7486187845303867,691.0,125.0
2,Induction chemotherapy with chemoradiotherapy,91.16022099447514,0.7486187845303867,692.0,125.0
2,Induction chemotherapy with chemoradiotherapy,91.34254143646409,0.7486187845303867,693.0,127.0
2,Induction chemotherapy with chemoradiotherapy,91.52486187845304,0.7486187845303867,694.0,127.0
2,Induction chemotherapy with chemoradiotherapy,91.70718232044199,0.7486187845303867,695.0,127.0
2,Induction chemotherapy with chemoradiotherapy,91.88950276243094,0.7486187845303867,696.0,125.0
2,Induction chemotherapy with chemoradiotherapy,92.07182320441989,0.7486187845303867,697.0,125.0
2,Induction chemotherapy with chemoradiotherapy,92.25414364640885,0.7486187845303867,698.0,125.0
2,Induction chemotherapy with chemoradiotherapy,92.4364640883978,0.7486187845303867,699.0,125.0
2,Induction chemotherapy with chemoradiotherapy,92.61878453038673,0.7486187845303867,700.0,125.0
2,Induction chemotherapy with chemoradiotherapy,92.80110497237568,0.7486187845303867,701.0,125.0
2,Induction chemotherapy with chemoradiotherapy,92.98342541436465,0.7486187845303867,702.0,125.0
2,Induction chemotherapy with chemoradiotherapy,93.1657458563536,0.7486187845303867,703.0,124.0
2,Induction chemotherapy with chemoradiotherapy,93.34806629834253,0.7486187845303867,704.0,124.0
2,Induction chemotherapy with chemoradiotherapy,93.5303867403315,0.7486187845303867,705.0,124.0
2,Induction chemotherapy with chemoradiotherapy,93.71270718232044,0.7486187845303867,706.0,125.0
2,Induction chemotherapy with chemoradiotherapy,93.89502762430939,0.7486187845303867,707.0,127.0
2,Induction chemotherapy with chemoradiotherapy,94.07734806629834,0.7486187845303867,708.0,127.0
2,Induction chemotherapy with chemoradiotherapy,94.25966850828729,0.7486187845303867,709.0,127.0
2,Induction chemotherapy with chemoradiotherapy,94.44198895027624,0.7486187845303867,710.0,124.0
2,Induction chemotherapy with chemoradiotherapy,94.62430939226519,0.7486187845303867,711.0,124.0
2,Induction chemotherapy with chemoradiotherapy,94.80662983425415,0.7486187845303867,712.0,124.0
2,Induction chemotherapy with chemoradiotherapy,94.9889502762431,0.7486187845303867,713.0,124.0
2,Induction chemotherapy with chemoradiotherapy,95.17127071823204,0.7486187845303867,714.0,124.0
2,Induction chemotherapy with chemoradiotherapy,95.35359116022099,0.7486187845303867,715.0,124.0
2,Induction chemotherapy with chemoradiotherapy,95.53591160220995,0.7486187845303867,716.0,124.0
2,Induction chemotherapy with chemoradiotherapy,95.7182320441989,0.7486187845303867,717.0,125.0
2,Induction chemotherapy with chemoradiotherapy,95.90055248618785,0.7486187845303867,718.0,125.0
2,Induction chemotherapy with chemoradiotherapy,96.08287292817678,0.7265193370165746,719.0,125.0
2,Induction chemotherapy with chemoradiotherapy,96.26519337016575,0.7265193370165746,720.0,135.0
2,Induction chemotherapy with chemoradiotherapy,96.4475138121547,0.7209944751381215,721.0,133.0
2,Induction chemotherapy with chemoradiotherapy,96.62983425414365,0.7209944751381215,722.0,137.0
2,Induction chemotherapy with chemoradiotherapy,96.81215469613261,0.7209944751381215,723.0,137.0
2,Induction chemotherapy with chemoradiotherapy,96.99447513812154,0.7209944751381215,724.0,137.0
2,Induction chemotherapy with chemoradiotherapy,97.1767955801105,0.7209944751381215,725.0,137.0
2,Induction chemotherapy with chemoradiotherapy,97.35911602209944,0.7209944751381215,726.0,137.0
2,Induction chemotherapy with chemoradiotherapy,97.5414364640884,0.7209944751381215,727.0,137.0
2,Induction chemotherapy with chemoradiotherapy,97.72375690607734,0.7209944751381215,728.0,137.0
2,Induction chemotherapy with chemoradiotherapy,97.90607734806629,0.7209944751381215,729.0,137.0
2,Induction chemotherapy with chemoradiotherapy,98.08839779005525,0.7209944751381215,730.0,137.0
2,Induction chemotherapy with chemoradiotherapy,98.2707182320442,0.7209944751381215,731.0,137.0
2,Induction chemotherapy with chemoradiotherapy,98.45303867403315,0.7209944751381215,732.0,137.0
2,Induction chemotherapy with chemoradiotherapy,98.63535911602209,0.7209944751381215,733.0,137.0
2,Induction chemotherapy with chemoradiotherapy,98.81767955801105,0.7209944751381215,734.0,137.0
2,Induction chemotherapy with chemoradiotherapy,99.0,0.7209944751381215,735.0,137.0
2,Induction chemotherapy with chemoradiotherapy,99.18232044198895,0.7209944751381215,736.0,137.0
2,Induction chemotherapy with chemoradiotherapy,99.36464088397791,0.7209944751381215,737.0,132.0
2,Induction chemotherapy with chemoradiotherapy,99.54696132596685,0.7209944751381215,738.0,137.0
2,Induction chemotherapy with chemoradiotherapy,99.7292817679558,0.7209944751381215,739.0,137.0
2,Induction chemotherapy with chemoradiotherapy,99.91160220994475,0.7209944751381215,740.0,137.0
2,Induction chemotherapy with chemoradiotherapy,100.09392265193371,0.7209944751381215,741.0,137.0
2,Induction chemotherapy with chemoradiotherapy,100.27624309392266,0.7209944751381215,742.0,137.0
2,Induction chemotherapy with chemoradiotherapy,100.4585635359116,0.7209944751381215,743.0,137.0
2,Induction chemotherapy with chemoradiotherapy,100.64088397790056,0.7209944751381215,744.0,137.0
2,Induction chemotherapy with chemoradiotherapy,100.8232044198895,0.7209944751381215,745.0,137.0
2,Induction chemotherapy with chemoradiotherapy,101.00552486187846,0.7209944751381215,746.0,137.0
2,Induction chemotherapy with chemoradiotherapy,101.18784530386739,0.7209944751381215,747.0,137.0
2,Induction chemotherapy with chemoradiotherapy,101.37016574585635,0.7209944751381215,748.0,137.0
2,Induction chemotherapy with chemoradiotherapy,101.5524861878453,0.7209944751381215,749.0,137.0
2,Induction chemotherapy with chemoradiotherapy,101.73480662983425,0.7209944751381215,750.0,137.0
2,Induction chemotherapy with chemoradiotherapy,101.91712707182322,0.7209944751381215,751.0,137.0
2,Induction chemotherapy with chemoradiotherapy,102.09944751381215,0.7209944751381215,752.0,137.0
2,Induction chemotherapy with chemoradiotherapy,102.2817679558011,0.7209944751381215,753.0,137.0
2,Induction chemotherapy with chemoradiotherapy,102.46408839779005,0.7209944751381215,754.0,137.0
2,Induction chemotherapy with chemoradiotherapy,102.64640883977901,0.7209944751381215,755.0,137.0
2,Induction chemotherapy with chemoradiotherapy,102.82872928176796,0.7209944751381215,756.0,137.0
2,Induction chemotherapy with chemoradiotherapy,103.0110497237569,0.7209944751381215,757.0,137.0
2,Induction chemotherapy with chemoradiotherapy,103.19337016574585,0.7209944751381215,758.0,137.0
2,Induction chemotherapy with chemoradiotherapy,103.37569060773481,0.7209944751381215,759.0,137.0
2,Induction chemotherapy with chemoradiotherapy,103.55801104972376,0.7209944751381215,760.0,135.0
2,Induction chemotherapy with chemoradiotherapy,103.74033149171271,0.7209944751381215,761.0,135.0
2,Induction chemotherapy with chemoradiotherapy,103.92265193370166,0.7209944751381215,762.0,135.0
2,Induction chemotherapy with chemoradiotherapy,104.10497237569061,0.7209944751381215,763.0,135.0
2,Induction chemotherapy with chemoradiotherapy,104.28729281767956,0.7209944751381215,764.0,135.0
2,Induction chemotherapy with chemoradiotherapy,104.4696132596685,0.7209944751381215,765.0,135.0
2,Induction chemotherapy with chemoradiotherapy,104.65193370165747,0.7209944751381215,766.0,135.0
2,Induction chemotherapy with chemoradiotherapy,104.8342541436464,0.7209944751381215,767.0,137.0
2,Induction chemotherapy with chemoradiotherapy,105.01657458563535,0.7209944751381215,768.0,137.0
2,Induction chemotherapy with chemoradiotherapy,105.19889502762432,0.7209944751381215,769.0,134.0
2,Induction chemotherapy with chemoradiotherapy,105.38121546961327,0.7209944751381215,770.0,137.0
2,Induction chemotherapy with chemoradiotherapy,105.5635359116022,0.7209944751381215,771.0,137.0
2,Induction chemotherapy with chemoradiotherapy,105.74585635359115,0.7209944751381215,772.0,137.0
2,Induction chemotherapy with chemoradiotherapy,105.92817679558011,0.7209944751381215,773.0,137.0
2,Induction chemotherapy with chemoradiotherapy,106.11049723756906,0.7209944751381215,774.0,137.0
2,Induction chemotherapy with chemoradiotherapy,106.29281767955801,0.7209944751381215,775.0,137.0
2,Induction chemotherapy with chemoradiotherapy,106.47513812154696,0.7209944751381215,776.0,137.0
2,Induction chemotherapy with chemoradiotherapy,106.65745856353591,0.7209944751381215,777.0,136.0
2,Induction chemotherapy with chemoradiotherapy,106.83977900552486,0.7209944751381215,778.0,136.0
2,Induction chemotherapy with chemoradiotherapy,107.02209944751381,0.7209944751381215,779.0,136.0
2,Induction chemotherapy with chemoradiotherapy,107.20441988950277,0.7209944751381215,780.0,136.0
2,Induction chemotherapy with chemoradiotherapy,107.38674033149171,0.7209944751381215,781.0,135.0
2,Induction chemotherapy with chemoradiotherapy,107.56906077348066,0.7209944751381215,782.0,135.0
2,Induction chemotherapy with chemoradiotherapy,107.75138121546962,0.7209944751381215,783.0,135.0
2,Induction chemotherapy with chemoradiotherapy,107.93370165745857,0.7209944751381215,784.0,135.0
2,Induction chemotherapy with chemoradiotherapy,108.11602209944752,0.7209944751381215,785.0,135.0
2,Induction chemotherapy with chemoradiotherapy,108.29834254143645,0.7209944751381215,786.0,135.0
2,Induction chemotherapy with chemoradiotherapy,108.48066298342542,0.7209944751381215,787.0,136.0
2,Induction chemotherapy with chemoradiotherapy,108.66298342541437,0.7209944751381215,788.0,136.0
2,Induction chemotherapy with chemoradiotherapy,108.84530386740332,0.7209944751381215,789.0,136.0
2,Induction chemotherapy with chemoradiotherapy,109.02762430939225,0.7209944751381215,790.0,136.0
2,Induction chemotherapy with chemoradiotherapy,109.20994475138122,0.7209944751381215,791.0,136.0
2,Induction chemotherapy with chemoradiotherapy,109.39226519337016,0.7209944751381215,792.0,136.0
2,Induction chemotherapy with chemoradiotherapy,109.57458563535911,0.7209944751381215,793.0,136.0
2,Induction chemotherapy with chemoradiotherapy,109.75690607734808,0.7209944751381215,794.0,136.0
2,Induction chemotherapy with chemoradiotherapy,109.93922651933701,0.7209944751381215,795.0,136.0
2,Induction chemotherapy with chemoradiotherapy,110.12154696132596,0.7209944751381215,796.0,136.0
2,Induction chemotherapy with chemoradiotherapy,110.30386740331491,0.7209944751381215,797.0,136.0
2,Induction chemotherapy with chemoradiotherapy,110.48618784530387,0.7209944751381215,798.0,136.0
2,Induction chemotherapy with chemoradiotherapy,110.66850828729282,0.7209944751381215,799.0,136.0
2,Induction chemotherapy with chemoradiotherapy,110.85082872928176,0.7209944751381215,800.0,136.0
2,Induction chemotherapy with chemoradiotherapy,111.03314917127072,0.7209944751381215,801.0,136.0
2,Induction chemotherapy with chemoradiotherapy,111.21546961325967,0.7209944751381215,802.0,136.0
2,Induction chemotherapy with chemoradiotherapy,111.39779005524862,0.7209944751381215,803.0,136.0
2,Induction chemotherapy with chemoradiotherapy,111.58011049723757,0.7209944751381215,804.0,136.0
2,Induction chemotherapy with chemoradiotherapy,111.76243093922652,0.7209944751381215,805.0,136.0
2,Induction chemotherapy with chemoradiotherapy,111.94475138121547,0.7209944751381215,806.0,136.0
2,Induction chemotherapy with chemoradiotherapy,112.12707182320442,0.7209944751381215,807.0,136.0
2,Induction chemotherapy with chemoradiotherapy,112.30939226519338,0.7209944751381215,808.0,136.0
2,Induction chemotherapy with chemoradiotherapy,112.49171270718232,0.7209944751381215,809.0,135.0
2,Induction chemotherapy with chemoradiotherapy,112.67403314917127,0.7209944751381215,810.0,135.0
2,Induction chemotherapy with chemoradiotherapy,112.85635359116021,0.7209944751381215,811.0,135.0
2,Induction chemotherapy with chemoradiotherapy,113.03867403314918,0.7209944751381215,812.0,135.0
2,Induction chemotherapy with chemoradiotherapy,113.22099447513813,0.7209944751381215,813.0,137.0
2,Induction chemotherapy with chemoradiotherapy,113.40331491712706,0.7209944751381215,814.0,137.0
2,Induction chemotherapy with chemoradiotherapy,113.58563535911603,0.7209944751381215,815.0,137.0
2,Induction chemotherapy with chemoradiotherapy,113.76795580110497,0.7209944751381215,816.0,137.0
2,Induction chemotherapy with chemoradiotherapy,113.95027624309392,0.7209944751381215,817.0,137.0
2,Induction chemotherapy with chemoradiotherapy,114.13259668508287,0.7209944751381215,818.0,137.0
2,Induction chemotherapy with chemoradiotherapy,114.31491712707182,0.7209944751381215,819.0,137.0
2,Induction chemotherapy with chemoradiotherapy,114.49723756906077,0.7209944751381215,820.0,137.0
2,Induction chemotherapy with chemoradiotherapy,114.67955801104972,0.7209944751381215,821.0,137.0
2,Induction chemotherapy with chemoradiotherapy,114.86187845303868,0.7209944751381215,822.0,135.0
2,Induction chemotherapy with chemoradiotherapy,115.04419889502763,0.7209944751381215,823.0,135.0
2,Induction chemotherapy with chemoradiotherapy,115.22651933701657,0.7209944751381215,824.0,135.0
2,Induction chemotherapy with chemoradiotherapy,115.40883977900552,0.7209944751381215,825.0,135.0
2,Induction chemotherapy with chemoradiotherapy,115.59116022099448,0.7209944751381215,826.0,135.0
2,Induction chemotherapy with chemoradiotherapy,115.77348066298343,0.7209944751381215,827.0,135.0
2,Induction chemotherapy with chemoradiotherapy,115.95580110497237,0.7209944751381215,828.0,136.0
2,Induction chemotherapy with chemoradiotherapy,116.13812154696132,0.7209944751381215,829.0,136.0
2,Induction chemotherapy with chemoradiotherapy,116.32044198895028,0.7209944751381215,830.0,136.0
2,Induction chemotherapy with chemoradiotherapy,116.50276243093923,0.7209944751381215,831.0,136.0
2,Induction chemotherapy with chemoradiotherapy,116.68508287292818,0.7209944751381215,832.0,136.0
2,Induction chemotherapy with chemoradiotherapy,116.86740331491713,0.7209944751381215,833.0,136.0
2,Induction chemotherapy with chemoradiotherapy,117.04972375690608,0.7209944751381215,834.0,136.0
2,Induction chemotherapy with chemoradiotherapy,117.23204419889503,0.7209944751381215,835.0,136.0
2,Induction chemotherapy with chemoradiotherapy,117.41436464088397,0.7209944751381215,836.0,136.0
2,Induction chemotherapy with chemoradiotherapy,117.59668508287294,0.7209944751381215,837.0,136.0
2,Induction chemotherapy with chemoradiotherapy,117.77900552486187,0.7209944751381215,838.0,136.0
2,Induction chemotherapy with chemoradiotherapy,117.96132596685082,0.7209944751381215,839.0,136.0
2,Induction chemotherapy with chemoradiotherapy,118.14364640883979,0.7209944751381215,840.0,136.0
2,Induction chemotherapy with chemoradiotherapy,118.32596685082873,0.7209944751381215,841.0,136.0
2,Induction chemotherapy with chemoradiotherapy,118.50828729281768,0.7209944751381215,842.0,136.0
2,Induction chemotherapy with chemoradiotherapy,118.69060773480662,0.7209944751381215,843.0,136.0
2,Induction chemotherapy with chemoradiotherapy,118.87292817679558,0.7209944751381215,844.0,136.0
2,Induction chemotherapy with chemoradiotherapy,119.05524861878453,0.7209944751381215,845.0,136.0
2,Induction chemotherapy with chemoradiotherapy,119.23756906077348,0.7209944751381215,846.0,136.0
2,Induction chemotherapy with chemoradiotherapy,119.41988950276243,0.7209944751381215,847.0,136.0
2,Induction chemotherapy with chemoradiotherapy,119.60220994475138,0.7209944751381215,848.0,136.0
2,Induction chemotherapy with chemoradiotherapy,119.78453038674033,0.7209944751381215,849.0,136.0
2,Induction chemotherapy with chemoradiotherapy,119.96685082872928,0.7209944751381215,850.0,136.0
2,Induction chemotherapy with chemoradiotherapy,120.14917127071824,0.7209944751381215,851.0,136.0
2,Induction chemotherapy with chemoradiotherapy,120.33149171270718,0.7209944751381215,852.0,136.0
2,Induction chemotherapy with chemoradiotherapy,120.51381215469613,0.7209944751381215,853.0,136.0
2,Induction chemotherapy with chemoradiotherapy,120.69613259668509,0.7209944751381215,854.0,136.0
2,Induction chemotherapy with chemoradiotherapy,120.87845303867404,0.7209944751381215,855.0,136.0
2,Induction chemotherapy with chemoradiotherapy,121.06077348066299,0.7209944751381215,856.0,136.0
2,Induction chemotherapy with chemoradiotherapy,121.24309392265192,0.7209944751381215,857.0,136.0
2,Induction chemotherapy with chemoradiotherapy,121.42541436464089,0.7209944751381215,858.0,136.0
2,Induction chemotherapy with chemoradiotherapy,121.60773480662984,0.7209944751381215,859.0,136.0
2,Induction chemotherapy with chemoradiotherapy,121.79005524861878,0.7209944751381215,860.0,136.0
2,Induction chemotherapy with chemoradiotherapy,121.97237569060775,0.7209944751381215,861.0,136.0
2,Induction chemotherapy with chemoradiotherapy,122.15469613259668,0.7209944751381215,862.0,136.0
2,Induction chemotherapy with chemoradiotherapy,122.33701657458563,0.7209944751381215,863.0,136.0
2,Induction chemotherapy with chemoradiotherapy,122.51933701657458,0.7209944751381215,864.0,136.0
2,Induction chemotherapy with chemoradiotherapy,122.70165745856355,0.7209944751381215,865.0,136.0
2,Induction chemotherapy with chemoradiotherapy,122.88397790055248,0.7209944751381215,866.0,136.0
2,Induction chemotherapy with chemoradiotherapy,123.06629834254143,0.7209944751381215,867.0,136.0
2,Induction chemotherapy with chemoradiotherapy,123.24861878453038,0.7209944751381215,868.0,136.0
2,Induction chemotherapy with chemoradiotherapy,123.43093922651934,0.7209944751381215,869.0,137.0
2,Induction chemotherapy with chemoradiotherapy,123.61325966850829,0.7209944751381215,870.0,137.0
2,Induction chemotherapy with chemoradiotherapy,123.79558011049723,0.7209944751381215,871.0,137.0
2,Induction chemotherapy with chemoradiotherapy,123.97790055248619,0.7209944751381215,872.0,137.0
2,Induction chemotherapy with chemoradiotherapy,124.16022099447514,0.7209944751381215,873.0,137.0
2,Induction chemotherapy with chemoradiotherapy,124.34254143646409,0.7209944751381215,874.0,137.0
2,Induction chemotherapy with chemoradiotherapy,124.52486187845304,0.7209944751381215,875.0,137.0
2,Induction chemotherapy with chemoradiotherapy,124.70718232044199,0.7209944751381215,876.0,137.0
2,Induction chemotherapy with chemoradiotherapy,124.88950276243094,0.7209944751381215,877.0,137.0
2,Induction chemotherapy with chemoradiotherapy,125.07182320441989,0.7209944751381215,878.0,137.0
2,Induction chemotherapy with chemoradiotherapy,125.25414364640885,0.7209944751381215,879.0,137.0
2,Induction chemotherapy with chemoradiotherapy,125.4364640883978,0.7209944751381215,880.0,137.0
2,Induction chemotherapy with chemoradiotherapy,125.61878453038673,0.7209944751381215,881.0,137.0
2,Induction chemotherapy with chemoradiotherapy,125.80110497237568,0.7209944751381215,882.0,137.0
2,Induction chemotherapy with chemoradiotherapy,125.98342541436465,0.7209944751381215,883.0,137.0
2,Induction chemotherapy with chemoradiotherapy,126.1657458563536,0.7209944751381215,884.0,137.0
2,Induction chemotherapy with chemoradiotherapy,126.34806629834253,0.7209944751381215,885.0,137.0
2,Induction chemotherapy with chemoradiotherapy,126.5303867403315,0.7209944751381215,886.0,137.0
2,Induction chemotherapy with chemoradiotherapy,126.71270718232044,0.7209944751381215,887.0,137.0
2,Induction chemotherapy with chemoradiotherapy,126.89502762430939,0.7209944751381215,888.0,137.0
2,Induction chemotherapy with chemoradiotherapy,127.07734806629834,0.7209944751381215,889.0,137.0
2,Induction chemotherapy with chemoradiotherapy,127.25966850828729,0.7209944751381215,890.0,137.0
2,Induction chemotherapy with chemoradiotherapy,127.44198895027624,0.7209944751381215,891.0,137.0
2,Induction chemotherapy with chemoradiotherapy,127.62430939226519,0.7209944751381215,892.0,137.0
2,Induction chemotherapy with chemoradiotherapy,127.80662983425415,0.7209944751381215,893.0,137.0
2,Induction chemotherapy with chemoradiotherapy,127.9889502762431,0.7209944751381215,894.0,137.0
2,Induction chemotherapy with chemoradiotherapy,128.17127071823205,0.7209944751381215,895.0,137.0
2,Induction chemotherapy with chemoradiotherapy,128.353591160221,0.7209944751381215,896.0,137.0
2,Induction chemotherapy with chemoradiotherapy,128.53591160220995,0.7209944751381215,897.0,137.0
2,Induction chemotherapy with chemoradiotherapy,128.71823204419888,0.7209944751381215,898.0,137.0
2,Induction chemotherapy with chemoradiotherapy,128.90055248618785,0.7209944751381215,899.0,137.0
2,Induction chemotherapy with chemoradiotherapy,129.08287292817678,0.7209944751381215,900.0,137.0
2,Induction chemotherapy with chemoradiotherapy,129.26519337016575,0.7209944751381215,901.0,137.0
2,Induction chemotherapy with chemoradiotherapy,129.44751381215468,0.7209944751381215,902.0,137.0
2,Induction chemotherapy with chemoradiotherapy,129.62983425414365,0.7209944751381215,903.0,137.0
2,Induction chemotherapy with chemoradiotherapy,129.8121546961326,0.7209944751381215,904.0,137.0
2,Induction chemotherapy with chemoradiotherapy,129.99447513812154,0.7209944751381215,905.0,137.0
2,Induction chemotherapy with chemoradiotherapy,130.1767955801105,0.7209944751381215,906.0,137.0
2,Induction chemotherapy with chemoradiotherapy,130.35911602209944,0.7209944751381215,907.0,135.0
