curve_id,curve_name,point_id,time,survival,x_pixel,y_pixel
1,Tislelizumab plus chemotherapy,c1-p0000,0.0,1.0,148.0,6.0
1,Tislelizumab plus chemotherapy,c1-p0001,2.708649468892261,0.9525547445255476,183.0,19.0
1,Tislelizumab plus chemotherapy,c1-p0002,2.786039453717754,0.9452554744525546,184.0,21.0
1,Tislelizumab plus chemotherapy,c1-p0003,2.8634294385432475,0.9452554744525546,185.0,21.0
1,Tislelizumab plus chemotherapy,c1-p0004,2.9408194233687404,0.9452554744525546,186.0,21.0
1,Tislelizumab plus chemotherapy,c1-p0005,3.0182094081942337,0.9452554744525546,187.0,21.0
1,Tislelizumab plus chemotherapy,c1-p0006,3.095599393019727,0.9452554744525546,188.0,21.0
1,Tislelizumab plus chemotherapy,c1-p0007,3.17298937784522,0.9452554744525546,189.0,21.0
1,Tislelizumab plus chemotherapy,c1-p0008,3.250379362670713,0.9452554744525546,190.0,21.0
1,Tislelizumab plus chemotherapy,c1-p0009,3.327769347496206,0.9452554744525546,191.0,21.0
1,Tislelizumab plus chemotherapy,c1-p0010,3.4051593323216993,0.9452554744525546,192.0,21.0
1,Tislelizumab plus chemotherapy,c1-p0011,3.482549317147192,0.9343065693430657,193.0,24.0
1,Tislelizumab plus chemotherapy,c1-p0012,3.5599393019726864,0.9343065693430657,194.0,24.0
1,Tislelizumab plus chemotherapy,c1-p0013,3.6373292867981792,0.9197080291970804,195.0,28.0
1,Tislelizumab plus chemotherapy,c1-p0014,3.7147192716236725,0.8905109489051095,196.0,36.0
1,Tislelizumab plus chemotherapy,c1-p0015,3.7921092564491654,0.8905109489051095,197.0,36.0
1,Tislelizumab plus chemotherapy,c1-p0016,3.8694992412746587,0.8905109489051095,198.0,36.0
1,Tislelizumab plus chemotherapy,c1-p0017,3.9468892261001516,0.8905109489051095,199.0,36.0
1,Tislelizumab plus chemotherapy,c1-p0018,4.024279210925645,0.8905109489051095,200.0,36.0
1,Tislelizumab plus chemotherapy,c1-p0019,4.101669195751138,0.8905109489051095,201.0,36.0
1,Tislelizumab plus chemotherapy,c1-p0020,4.1790591805766315,0.8905109489051095,202.0,36.0
1,Tislelizumab plus chemotherapy,c1-p0021,4.256449165402125,0.8795620437956204,203.0,39.0
1,Tislelizumab plus chemotherapy,c1-p0022,4.333839150227618,0.8795620437956204,204.0,39.0
1,Tislelizumab plus chemotherapy,c1-p0023,4.4112291350531105,0.8722627737226277,205.0,41.0
1,Tislelizumab plus chemotherapy,c1-p0024,4.488619119878604,0.8722627737226277,206.0,41.0
1,Tislelizumab plus chemotherapy,c1-p0025,4.566009104704097,0.8722627737226277,207.0,41.0
1,Tislelizumab plus chemotherapy,c1-p0026,4.6433990895295905,0.8722627737226277,208.0,41.0
1,Tislelizumab plus chemotherapy,c1-p0027,4.720789074355083,0.8576642335766423,209.0,45.0
1,Tislelizumab plus chemotherapy,c1-p0028,4.798179059180577,0.854014598540146,210.0,46.0
1,Tislelizumab plus chemotherapy,c1-p0029,4.87556904400607,0.8503649635036495,211.0,47.0
1,Tislelizumab plus chemotherapy,c1-p0030,4.952959028831563,0.8467153284671532,212.0,48.0
1,Tislelizumab plus chemotherapy,c1-p0031,5.030349013657056,0.8430656934306568,213.0,49.0
1,Tislelizumab plus chemotherapy,c1-p0032,5.107738998482549,0.8430656934306568,214.0,49.0
1,Tislelizumab plus chemotherapy,c1-p0033,5.185128983308043,0.8430656934306568,215.0,49.0
1,Tislelizumab plus chemotherapy,c1-p0034,5.262518968133535,0.8430656934306568,216.0,49.0
1,Tislelizumab plus chemotherapy,c1-p0035,5.3399089529590285,0.8175182481751824,217.0,56.0
1,Tislelizumab plus chemotherapy,c1-p0036,5.417298937784522,0.8175182481751824,218.0,56.0
1,Tislelizumab plus chemotherapy,c1-p0037,5.494688922610015,0.8175182481751824,219.0,56.0
1,Tislelizumab plus chemotherapy,c1-p0038,5.572078907435508,0.8102189781021898,220.0,58.0
1,Tislelizumab plus chemotherapy,c1-p0039,5.649468892261002,0.8065693430656934,221.0,59.0
1,Tislelizumab plus chemotherapy,c1-p0040,5.726858877086495,0.8065693430656934,222.0,59.0
1,Tislelizumab plus chemotherapy,c1-p0041,5.804248861911987,0.8065693430656934,223.0,59.0
1,Tislelizumab plus chemotherapy,c1-p0042,5.881638846737481,0.7956204379562044,224.0,62.0
1,Tislelizumab plus chemotherapy,c1-p0043,5.959028831562974,0.7956204379562044,225.0,62.0
1,Tislelizumab plus chemotherapy,c1-p0044,6.036418816388467,0.7189781021897811,226.0,83.0
1,Tislelizumab plus chemotherapy,c1-p0045,6.113808801213961,0.7153284671532848,227.0,84.0
1,Tislelizumab plus chemotherapy,c1-p0046,6.191198786039454,0.7153284671532848,228.0,84.0
1,Tislelizumab plus chemotherapy,c1-p0047,6.268588770864947,0.7153284671532848,229.0,84.0
1,Tislelizumab plus chemotherapy,c1-p0048,6.34597875569044,0.7153284671532848,230.0,84.0
1,Tislelizumab plus chemotherapy,c1-p0049,6.423368740515933,0.7153284671532848,231.0,84.0
1,Tislelizumab plus chemotherapy,c1-p0050,6.500758725341426,0.6715328467153284,232.0,96.0
1,Tislelizumab plus chemotherapy,c1-p0051,6.57814871016692,0.6642335766423357,233.0,98.0
1,Tislelizumab plus chemotherapy,c1-p0052,6.655538694992412,0.6642335766423357,234.0,98.0
1,Tislelizumab plus chemotherapy,c1-p0053,6.732928679817905,0.6642335766423357,235.0,98.0
1,Tislelizumab plus chemotherapy,c1-p0054,6.810318664643399,0.6605839416058394,236.0,99.0
1,Tislelizumab plus chemotherapy,c1-p0055,6.887708649468892,0.6605839416058394,237.0,99.0
1,Tislelizumab plus chemotherapy,c1-p0056,6.965098634294384,0.6532846715328466,238.0,101.0
1,Tislelizumab plus chemotherapy,c1-p0057,7.0424886191198794,0.6532846715328466,239.0,101.0
1,Tislelizumab plus chemotherapy,c1-p0058,7.119878603945373,0.6532846715328466,240.0,101.0
1,Tislelizumab plus chemotherapy,c1-p0059,7.197268588770865,0.6532846715328466,241.0,101.0
1,Tislelizumab plus chemotherapy,c1-p0060,7.2746585735963585,0.6532846715328466,242.0,101.0
1,Tislelizumab plus chemotherapy,c1-p0061,7.352048558421852,0.6423357664233577,243.0,104.0
1,Tislelizumab plus chemotherapy,c1-p0062,7.429438543247345,0.6423357664233577,244.0,104.0
1,Tislelizumab plus chemotherapy,c1-p0063,7.5068285280728375,0.6423357664233577,245.0,104.0
1,Tislelizumab plus chemotherapy,c1-p0064,7.584218512898331,0.6423357664233577,246.0,104.0
1,Tislelizumab plus chemotherapy,c1-p0065,7.661608497723824,0.6423357664233577,247.0,104.0
1,Tislelizumab plus chemotherapy,c1-p0066,7.738998482549317,0.6423357664233577,248.0,104.0
1,Tislelizumab plus chemotherapy,c1-p0067,7.81638846737481,0.6423357664233577,249.0,104.0
1,Tislelizumab plus chemotherapy,c1-p0068,7.893778452200303,0.6423357664233577,250.0,104.0
1,Tislelizumab plus chemotherapy,c1-p0069,7.9711684370257965,0.583941605839416,251.0,120.0
1,Tislelizumab plus chemotherapy,c1-p0070,8.04855842185129,0.583941605839416,252.0,106.0
1,Tislelizumab plus chemotherapy,c1-p0071,8.125948406676782,0.583941605839416,253.0,118.0
1,Tislelizumab plus chemotherapy,c1-p0072,8.203338391502276,0.583941605839416,254.0,119.0
1,Tislelizumab plus chemotherapy,c1-p0073,8.280728376327769,0.583941605839416,255.0,119.0
1,Tislelizumab plus chemotherapy,c1-p0074,8.358118361153263,0.583941605839416,256.0,119.0
1,Tislelizumab plus chemotherapy,c1-p0075,8.435508345978755,0.583941605839416,257.0,120.0
1,Tislelizumab plus chemotherapy,c1-p0076,8.51289833080425,0.583941605839416,258.0,120.0
1,Tislelizumab plus chemotherapy,c1-p0077,8.590288315629742,0.583941605839416,259.0,120.0
1,Tislelizumab plus chemotherapy,c1-p0078,8.667678300455236,0.583941605839416,260.0,120.0
1,Tislelizumab plus chemotherapy,c1-p0079,8.745068285280729,0.583941605839416,261.0,120.0
1,Tislelizumab plus chemotherapy,c1-p0080,8.822458270106221,0.5437956204379563,262.0,131.0
1,Tislelizumab plus chemotherapy,c1-p0081,8.899848254931715,0.5401459854014599,263.0,132.0
1,Tislelizumab plus chemotherapy,c1-p0082,8.977238239757208,0.5401459854014599,264.0,132.0
1,Tislelizumab plus chemotherapy,c1-p0083,9.0546282245827,0.5401459854014599,265.0,132.0
1,Tislelizumab plus chemotherapy,c1-p0084,9.132018209408194,0.5401459854014599,266.0,132.0
1,Tislelizumab plus chemotherapy,c1-p0085,9.209408194233687,0.5401459854014599,267.0,132.0
1,Tislelizumab plus chemotherapy,c1-p0086,9.286798179059181,0.5401459854014599,268.0,132.0
1,Tislelizumab plus chemotherapy,c1-p0087,9.364188163884673,0.5364963503649635,269.0,133.0
1,Tislelizumab plus chemotherapy,c1-p0088,9.441578148710166,0.5364963503649635,270.0,133.0
1,Tislelizumab plus chemotherapy,c1-p0089,9.51896813353566,0.5328467153284672,271.0,134.0
1,Tislelizumab plus chemotherapy,c1-p0090,9.596358118361154,0.5328467153284672,272.0,134.0
1,Tislelizumab plus chemotherapy,c1-p0091,9.673748103186647,0.5328467153284672,273.0,134.0
1,Tislelizumab plus chemotherapy,c1-p0092,9.75113808801214,0.5328467153284672,274.0,134.0
1,Tislelizumab plus chemotherapy,c1-p0093,9.828528072837633,0.5255474452554745,275.0,136.0
1,Tislelizumab plus chemotherapy,c1-p0094,9.905918057663126,0.5218978102189781,276.0,137.0
1,Tislelizumab plus chemotherapy,c1-p0095,9.98330804248862,0.5218978102189781,277.0,137.0
1,Tislelizumab plus chemotherapy,c1-p0096,10.060698027314112,0.5218978102189781,278.0,137.0
1,Tislelizumab plus chemotherapy,c1-p0097,10.138088012139605,0.5218978102189781,279.0,137.0
1,Tislelizumab plus chemotherapy,c1-p0098,10.215477996965099,0.5036496350364963,280.0,142.0
1,Tislelizumab plus chemotherapy,c1-p0099,10.292867981790591,0.47080291970802923,281.0,151.0
1,Tislelizumab plus chemotherapy,c1-p0100,10.370257966616085,0.47080291970802923,282.0,151.0
1,Tislelizumab plus chemotherapy,c1-p0101,10.447647951441578,0.47080291970802923,283.0,151.0
1,Tislelizumab plus chemotherapy,c1-p0102,10.52503793626707,0.47080291970802923,284.0,151.0
1,Tislelizumab plus chemotherapy,c1-p0103,10.602427921092564,0.47080291970802923,285.0,151.0
1,Tislelizumab plus chemotherapy,c1-p0104,10.679817905918057,0.44160583941605835,286.0,159.0
1,Tislelizumab plus chemotherapy,c1-p0105,10.757207890743551,0.44160583941605835,287.0,159.0
1,Tislelizumab plus chemotherapy,c1-p0106,10.834597875569044,0.4379562043795621,288.0,160.0
1,Tislelizumab plus chemotherapy,c1-p0107,10.911987860394538,0.4379562043795621,289.0,160.0
1,Tislelizumab plus chemotherapy,c1-p0108,10.98937784522003,0.4379562043795621,290.0,160.0
1,Tislelizumab plus chemotherapy,c1-p0109,11.066767830045524,0.4379562043795621,291.0,160.0
1,Tislelizumab plus chemotherapy,c1-p0110,11.144157814871017,0.4379562043795621,292.0,160.0
1,Tislelizumab plus chemotherapy,c1-p0111,11.221547799696511,0.4379562043795621,293.0,160.0
1,Tislelizumab plus chemotherapy,c1-p0112,11.298937784522003,0.4379562043795621,294.0,160.0
1,Tislelizumab plus chemotherapy,c1-p0113,11.376327769347496,0.4379562043795621,295.0,160.0
1,Tislelizumab plus chemotherapy,c1-p0114,11.45371775417299,0.4379562043795621,296.0,160.0
1,Tislelizumab plus chemotherapy,c1-p0115,11.531107738998482,0.4379562043795621,297.0,160.0
1,Tislelizumab plus chemotherapy,c1-p0116,11.608497723823975,0.4379562043795621,298.0,160.0
1,Tislelizumab plus chemotherapy,c1-p0117,11.685887708649469,0.4379562043795621,299.0,160.0
1,Tislelizumab plus chemotherapy,c1-p0118,11.763277693474961,0.4379562043795621,300.0,160.0
1,Tislelizumab plus chemotherapy,c1-p0119,11.840667678300456,0.4379562043795621,301.0,160.0
1,Tislelizumab plus chemotherapy,c1-p0120,11.918057663125948,0.4379562043795621,302.0,160.0
1,Tislelizumab plus chemotherapy,c1-p0121,11.99544764795144,0.43430656934306566,303.0,161.0
1,Tislelizumab plus chemotherapy,c1-p0122,12.072837632776935,0.416058394160584,304.0,166.0
1,Tislelizumab plus chemotherapy,c1-p0123,12.150227617602429,0.416058394160584,305.0,166.0
1,Tislelizumab plus chemotherapy,c1-p0124,12.227617602427921,0.416058394160584,306.0,166.0
1,Tislelizumab plus chemotherapy,c1-p0125,12.305007587253415,0.3905109489051095,307.0,173.0
1,Tislelizumab plus chemotherapy,c1-p0126,12.382397572078908,0.3905109489051095,308.0,173.0
1,Tislelizumab plus chemotherapy,c1-p0127,12.4597875569044,0.3868613138686131,309.0,174.0
1,Tislelizumab plus chemotherapy,c1-p0128,12.537177541729895,0.3868613138686131,310.0,174.0
1,Tislelizumab plus chemotherapy,c1-p0129,12.614567526555387,0.3868613138686131,311.0,174.0
1,Tislelizumab plus chemotherapy,c1-p0130,12.69195751138088,0.3868613138686131,312.0,174.0
1,Tislelizumab plus chemotherapy,c1-p0131,12.769347496206374,0.3868613138686131,313.0,174.0
1,Tislelizumab plus chemotherapy,c1-p0132,12.846737481031866,0.3868613138686131,314.0,174.0
1,Tislelizumab plus chemotherapy,c1-p0133,12.92412746585736,0.3868613138686131,315.0,174.0
1,Tislelizumab plus chemotherapy,c1-p0134,13.001517450682853,0.3868613138686131,316.0,174.0
1,Tislelizumab plus chemotherapy,c1-p0135,13.078907435508345,0.3868613138686131,317.0,174.0
1,Tislelizumab plus chemotherapy,c1-p0136,13.15629742033384,0.3868613138686131,318.0,174.0
1,Tislelizumab plus chemotherapy,c1-p0137,13.233687405159332,0.3868613138686131,319.0,174.0
1,Tislelizumab plus chemotherapy,c1-p0138,13.311077389984824,0.3868613138686131,320.0,174.0
1,Tislelizumab plus chemotherapy,c1-p0139,13.388467374810318,0.3868613138686131,321.0,174.0
1,Tislelizumab plus chemotherapy,c1-p0140,13.46585735963581,0.36131386861313863,322.0,181.0
1,Tislelizumab plus chemotherapy,c1-p0141,13.543247344461305,0.3576642335766424,323.0,182.0
1,Tislelizumab plus chemotherapy,c1-p0142,13.620637329286797,0.3576642335766424,324.0,182.0
1,Tislelizumab plus chemotherapy,c1-p0143,13.69802731411229,0.3576642335766424,325.0,182.0
1,Tislelizumab plus chemotherapy,c1-p0144,13.775417298937784,0.3576642335766424,326.0,182.0
1,Tislelizumab plus chemotherapy,c1-p0145,13.852807283763276,0.3576642335766424,327.0,182.0
1,Tislelizumab plus chemotherapy,c1-p0146,13.930197268588769,0.3576642335766424,328.0,180.0
1,Tislelizumab plus chemotherapy,c1-p0147,14.007587253414263,0.34671532846715325,329.0,185.0
1,Tislelizumab plus chemotherapy,c1-p0148,14.084977238239759,0.34671532846715325,330.0,185.0
1,Tislelizumab plus chemotherapy,c1-p0149,14.162367223065251,0.34671532846715325,331.0,185.0
1,Tislelizumab plus chemotherapy,c1-p0150,14.239757207890746,0.34671532846715325,332.0,185.0
1,Tislelizumab plus chemotherapy,c1-p0151,14.317147192716238,0.34671532846715325,333.0,185.0
1,Tislelizumab plus chemotherapy,c1-p0152,14.39453717754173,0.34671532846715325,334.0,185.0
1,Tislelizumab plus chemotherapy,c1-p0153,14.471927162367225,0.34671532846715325,335.0,185.0
1,Tislelizumab plus chemotherapy,c1-p0154,14.549317147192717,0.34671532846715325,336.0,185.0
1,Tislelizumab plus chemotherapy,c1-p0155,14.62670713201821,0.34671532846715325,337.0,185.0
1,Tislelizumab plus chemotherapy,c1-p0156,14.704097116843704,0.34671532846715325,338.0,185.0
1,Tislelizumab plus chemotherapy,c1-p0157,14.781487101669196,0.34671532846715325,339.0,185.0
1,Tislelizumab plus chemotherapy,c1-p0158,14.85887708649469,0.34671532846715325,340.0,185.0
1,Tislelizumab plus chemotherapy,c1-p0159,14.936267071320183,0.33211678832116787,341.0,189.0
1,Tislelizumab plus chemotherapy,c1-p0160,15.013657056145675,0.33211678832116787,342.0,189.0
1,Tislelizumab plus chemotherapy,c1-p0161,15.09104704097117,0.33211678832116787,343.0,189.0
1,Tislelizumab plus chemotherapy,c1-p0162,15.168437025796662,0.32481751824817523,344.0,191.0
1,Tislelizumab plus chemotherapy,c1-p0163,15.245827010622154,0.32481751824817523,345.0,191.0
1,Tislelizumab plus chemotherapy,c1-p0164,15.323216995447648,0.32481751824817523,346.0,191.0
1,Tislelizumab plus chemotherapy,c1-p0165,15.40060698027314,0.32481751824817523,347.0,191.0
1,Tislelizumab plus chemotherapy,c1-p0166,15.477996965098635,0.32481751824817523,348.0,191.0
1,Tislelizumab plus chemotherapy,c1-p0167,15.555386949924127,0.32481751824817523,349.0,191.0
1,Tislelizumab plus chemotherapy,c1-p0168,15.63277693474962,0.32481751824817523,350.0,191.0
1,Tislelizumab plus chemotherapy,c1-p0169,15.710166919575114,0.32481751824817523,351.0,191.0
1,Tislelizumab plus chemotherapy,c1-p0170,15.787556904400606,0.32481751824817523,352.0,191.0
1,Tislelizumab plus chemotherapy,c1-p0171,15.864946889226099,0.32481751824817523,353.0,191.0
1,Tislelizumab plus chemotherapy,c1-p0172,15.942336874051593,0.32481751824817523,354.0,191.0
1,Tislelizumab plus chemotherapy,c1-p0173,16.019726858877085,0.32481751824817523,355.0,191.0
1,Tislelizumab plus chemotherapy,c1-p0174,16.09711684370258,0.32481751824817523,356.0,191.0
1,Tislelizumab plus chemotherapy,c1-p0175,16.17450682852807,0.32481751824817523,357.0,191.0
1,Tislelizumab plus chemotherapy,c1-p0176,16.251896813353564,0.32481751824817523,358.0,191.0
1,Tislelizumab plus chemotherapy,c1-p0177,16.32928679817906,0.32481751824817523,359.0,191.0
1,Tislelizumab plus chemotherapy,c1-p0178,16.406676783004553,0.32481751824817523,360.0,191.0
1,Tislelizumab plus chemotherapy,c1-p0179,16.484066767830043,0.32481751824817523,361.0,191.0
1,Tislelizumab plus chemotherapy,c1-p0180,16.561456752655538,0.32481751824817523,362.0,191.0
1,Tislelizumab plus chemotherapy,c1-p0181,16.638846737481032,0.32481751824817523,363.0,191.0
1,Tislelizumab plus chemotherapy,c1-p0182,16.716236722306526,0.32481751824817523,364.0,191.0
1,Tislelizumab plus chemotherapy,c1-p0183,16.79362670713202,0.32481751824817523,365.0,191.0
1,Tislelizumab plus chemotherapy,c1-p0184,16.87101669195751,0.32481751824817523,366.0,191.0
1,Tislelizumab plus chemotherapy,c1-p0185,16.948406676783005,0.32481751824817523,367.0,191.0
1,Tislelizumab plus chemotherapy,c1-p0186,17.0257966616085,0.32481751824817523,368.0,191.0
1,Tislelizumab plus chemotherapy,c1-p0187,17.103186646433993,0.32481751824817523,369.0,191.0
1,Tislelizumab plus chemotherapy,c1-p0188,17.180576631259484,0.32481751824817523,370.0,191.0
1,Tislelizumab plus chemotherapy,c1-p0189,17.25796661608498,0.32481751824817523,371.0,191.0
1,Tislelizumab plus chemotherapy,c1-p0190,17.335356600910472,0.32481751824817523,372.0,191.0
1,Tislelizumab plus chemotherapy,c1-p0191,17.412746585735963,0.32481751824817523,373.0,191.0
1,Tislelizumab plus chemotherapy,c1-p0192,17.490136570561457,0.32481751824817523,374.0,191.0
1,Tislelizumab plus chemotherapy,c1-p0193,17.56752655538695,0.3065693430656934,375.0,196.0
1,Tislelizumab plus chemotherapy,c1-p0194,17.644916540212442,0.3065693430656934,376.0,196.0
1,Tislelizumab plus chemotherapy,c1-p0195,17.722306525037936,0.3065693430656934,377.0,196.0
1,Tislelizumab plus chemotherapy,c1-p0196,17.79969650986343,0.3065693430656934,378.0,196.0
1,Tislelizumab plus chemotherapy,c1-p0197,17.87708649468892,0.3065693430656934,379.0,196.0
1,Tislelizumab plus chemotherapy,c1-p0198,17.954476479514415,0.29927007299270075,380.0,198.0
1,Tislelizumab plus chemotherapy,c1-p0199,18.03186646433991,0.29927007299270075,381.0,198.0
1,Tislelizumab plus chemotherapy,c1-p0200,18.1092564491654,0.29927007299270075,382.0,198.0
1,Tislelizumab plus chemotherapy,c1-p0201,18.186646433990894,0.29927007299270075,383.0,198.0
1,Tislelizumab plus chemotherapy,c1-p0202,18.26403641881639,0.29927007299270075,384.0,198.0
1,Tislelizumab plus chemotherapy,c1-p0203,18.341426403641883,0.29927007299270075,385.0,198.0
1,Tislelizumab plus chemotherapy,c1-p0204,18.418816388467373,0.29927007299270075,386.0,198.0
1,Tislelizumab plus chemotherapy,c1-p0205,18.496206373292868,0.29927007299270075,387.0,198.0
1,Tislelizumab plus chemotherapy,c1-p0206,18.573596358118362,0.29927007299270075,388.0,198.0
1,Tislelizumab plus chemotherapy,c1-p0207,18.650986342943852,0.29927007299270075,389.0,198.0
1,Tislelizumab plus chemotherapy,c1-p0208,18.728376327769347,0.29927007299270075,390.0,198.0
1,Tislelizumab plus chemotherapy,c1-p0209,18.80576631259484,0.29927007299270075,391.0,198.0
1,Tislelizumab plus chemotherapy,c1-p0210,18.88315629742033,0.29927007299270075,392.0,198.0
1,Tislelizumab plus chemotherapy,c1-p0211,18.960546282245826,0.29927007299270075,393.0,198.0
1,Tislelizumab plus chemotherapy,c1-p0212,19.03793626707132,0.29927007299270075,394.0,198.0
1,Tislelizumab plus chemotherapy,c1-p0213,19.11532625189681,0.29927007299270075,395.0,198.0
1,Tislelizumab plus chemotherapy,c1-p0214,19.19271623672231,0.29927007299270075,396.0,198.0
1,Tislelizumab plus chemotherapy,c1-p0215,19.270106221547803,0.29927007299270075,397.0,198.0
1,Tislelizumab plus chemotherapy,c1-p0216,19.347496206373293,0.29927007299270075,398.0,198.0
1,Tislelizumab plus chemotherapy,c1-p0217,19.424886191198787,0.29927007299270075,399.0,198.0
1,Tislelizumab plus chemotherapy,c1-p0218,19.50227617602428,0.29927007299270075,400.0,198.0
1,Tislelizumab plus chemotherapy,c1-p0219,19.579666160849772,0.29927007299270075,401.0,198.0
1,Tislelizumab plus chemotherapy,c1-p0220,19.657056145675266,0.29927007299270075,402.0,198.0
1,Tislelizumab plus chemotherapy,c1-p0221,19.73444613050076,0.29927007299270075,403.0,198.0
1,Tislelizumab plus chemotherapy,c1-p0222,19.81183611532625,0.29927007299270075,404.0,198.0
1,Tislelizumab plus chemotherapy,c1-p0223,19.889226100151745,0.29927007299270075,405.0,198.0
1,Tislelizumab plus chemotherapy,c1-p0224,19.96661608497724,0.29927007299270075,406.0,198.0
1,Tislelizumab plus chemotherapy,c1-p0225,20.04400606980273,0.29927007299270075,407.0,198.0
1,Tislelizumab plus chemotherapy,c1-p0226,20.121396054628224,0.29197080291970806,408.0,200.0
1,Tislelizumab plus chemotherapy,c1-p0227,20.19878603945372,0.29197080291970806,409.0,200.0
1,Tislelizumab plus chemotherapy,c1-p0228,20.27617602427921,0.29197080291970806,410.0,200.0
1,Tislelizumab plus chemotherapy,c1-p0229,20.353566009104703,0.26277372262773724,411.0,208.0
1,Tislelizumab plus chemotherapy,c1-p0230,20.430955993930198,0.26277372262773724,412.0,208.0
1,Tislelizumab plus chemotherapy,c1-p0231,20.508345978755692,0.26277372262773724,413.0,208.0
1,Tislelizumab plus chemotherapy,c1-p0232,20.585735963581183,0.25547445255474455,414.0,210.0
1,Tislelizumab plus chemotherapy,c1-p0233,20.663125948406677,0.2518248175182481,415.0,211.0
1,Tislelizumab plus chemotherapy,c1-p0234,20.74051593323217,0.2518248175182481,416.0,211.0
1,Tislelizumab plus chemotherapy,c1-p0235,20.81790591805766,0.2518248175182481,417.0,211.0
1,Tislelizumab plus chemotherapy,c1-p0236,20.895295902883156,0.2518248175182481,418.0,211.0
1,Tislelizumab plus chemotherapy,c1-p0237,20.97268588770865,0.2518248175182481,419.0,211.0
1,Tislelizumab plus chemotherapy,c1-p0238,21.05007587253414,0.2518248175182481,420.0,211.0
1,Tislelizumab plus chemotherapy,c1-p0239,21.127465857359635,0.2518248175182481,421.0,211.0
1,Tislelizumab plus chemotherapy,c1-p0240,21.20485584218513,0.2518248175182481,422.0,211.0
1,Tislelizumab plus chemotherapy,c1-p0241,21.28224582701062,0.2518248175182481,423.0,211.0
1,Tislelizumab plus chemotherapy,c1-p0242,21.359635811836114,0.2518248175182481,424.0,211.0
1,Tislelizumab plus chemotherapy,c1-p0243,21.437025796661608,0.2518248175182481,425.0,211.0
1,Tislelizumab plus chemotherapy,c1-p0244,21.514415781487102,0.2518248175182481,426.0,211.0
1,Tislelizumab plus chemotherapy,c1-p0245,21.591805766312593,0.2518248175182481,427.0,211.0
1,Tislelizumab plus chemotherapy,c1-p0246,21.669195751138087,0.2518248175182481,428.0,211.0
1,Tislelizumab plus chemotherapy,c1-p0247,21.74658573596358,0.2518248175182481,429.0,211.0
1,Tislelizumab plus chemotherapy,c1-p0248,21.823975720789075,0.2518248175182481,430.0,211.0
1,Tislelizumab plus chemotherapy,c1-p0249,21.90136570561457,0.2518248175182481,431.0,211.0
1,Tislelizumab plus chemotherapy,c1-p0250,21.97875569044006,0.2518248175182481,432.0,211.0
1,Tislelizumab plus chemotherapy,c1-p0251,22.056145675265554,0.2518248175182481,433.0,211.0
1,Tislelizumab plus chemotherapy,c1-p0252,22.13353566009105,0.2518248175182481,434.0,211.0
1,Tislelizumab plus chemotherapy,c1-p0253,22.21092564491654,0.2518248175182481,435.0,211.0
1,Tislelizumab plus chemotherapy,c1-p0254,22.288315629742034,0.2518248175182481,436.0,211.0
1,Tislelizumab plus chemotherapy,c1-p0255,22.365705614567528,0.2518248175182481,437.0,211.0
1,Tislelizumab plus chemotherapy,c1-p0256,22.443095599393022,0.2518248175182481,438.0,211.0
1,Tislelizumab plus chemotherapy,c1-p0257,22.520485584218513,0.2518248175182481,439.0,211.0
1,Tislelizumab plus chemotherapy,c1-p0258,22.597875569044007,0.2518248175182481,440.0,211.0
1,Tislelizumab plus chemotherapy,c1-p0259,22.6752655538695,0.2518248175182481,441.0,211.0
1,Tislelizumab plus chemotherapy,c1-p0260,22.75265553869499,0.2518248175182481,442.0,211.0
1,Tislelizumab plus chemotherapy,c1-p0261,22.830045523520486,0.2518248175182481,443.0,211.0
1,Tislelizumab plus chemotherapy,c1-p0262,22.90743550834598,0.2518248175182481,444.0,211.0
1,Tislelizumab plus chemotherapy,c1-p0263,22.98482549317147,0.2518248175182481,445.0,211.0
1,Tislelizumab plus chemotherapy,c1-p0264,23.062215477996965,0.2481751824817519,446.0,212.0
1,Tislelizumab plus chemotherapy,c1-p0265,23.13960546282246,0.2481751824817519,447.0,212.0
1,Tislelizumab plus chemotherapy,c1-p0266,23.21699544764795,0.2481751824817519,448.0,212.0
1,Tislelizumab plus chemotherapy,c1-p0267,23.294385432473444,0.2481751824817519,449.0,212.0
1,Tislelizumab plus chemotherapy,c1-p0268,23.371775417298938,0.2481751824817519,450.0,212.0
1,Tislelizumab plus chemotherapy,c1-p0269,23.44916540212443,0.2481751824817519,451.0,212.0
1,Tislelizumab plus chemotherapy,c1-p0270,23.526555386949923,0.2481751824817519,452.0,211.0
1,Tislelizumab plus chemotherapy,c1-p0271,23.603945371775417,0.24452554744525543,453.0,213.0
1,Tislelizumab plus chemotherapy,c1-p0272,23.68133535660091,0.24087591240875925,454.0,214.0
1,Tislelizumab plus chemotherapy,c1-p0273,23.758725341426402,0.24087591240875925,455.0,214.0
1,Tislelizumab plus chemotherapy,c1-p0274,23.836115326251896,0.24087591240875925,456.0,214.0
1,Tislelizumab plus chemotherapy,c1-p0275,23.91350531107739,0.24087591240875925,457.0,214.0
1,Tislelizumab plus chemotherapy,c1-p0276,23.99089529590288,0.24087591240875925,458.0,214.0
1,Tislelizumab plus chemotherapy,c1-p0277,24.068285280728375,0.24087591240875925,459.0,214.0
1,Tislelizumab plus chemotherapy,c1-p0278,24.14567526555387,0.24087591240875925,460.0,214.0
1,Tislelizumab plus chemotherapy,c1-p0279,24.22306525037936,0.24087591240875925,461.0,214.0
1,Tislelizumab plus chemotherapy,c1-p0280,24.300455235204858,0.24087591240875925,462.0,214.0
1,Tislelizumab plus chemotherapy,c1-p0281,24.377845220030352,0.24087591240875925,463.0,214.0
1,Tislelizumab plus chemotherapy,c1-p0282,24.455235204855843,0.24087591240875925,464.0,214.0
1,Tislelizumab plus chemotherapy,c1-p0283,24.532625189681337,0.24087591240875925,465.0,214.0
1,Tislelizumab plus chemotherapy,c1-p0284,24.61001517450683,0.24087591240875925,466.0,214.0
1,Tislelizumab plus chemotherapy,c1-p0285,24.68740515933232,0.24087591240875925,467.0,214.0
1,Tislelizumab plus chemotherapy,c1-p0286,24.764795144157816,0.24087591240875925,468.0,214.0
1,Tislelizumab plus chemotherapy,c1-p0287,24.84218512898331,0.24087591240875925,469.0,214.0
1,Tislelizumab plus chemotherapy,c1-p0288,24.9195751138088,0.24087591240875925,470.0,214.0
1,Tislelizumab plus chemotherapy,c1-p0289,24.996965098634295,0.24087591240875925,471.0,214.0
1,Tislelizumab plus chemotherapy,c1-p0290,25.07435508345979,0.24087591240875925,472.0,214.0
1,Tislelizumab plus chemotherapy,c1-p0291,25.15174506828528,0.24087591240875925,473.0,214.0
1,Tislelizumab plus chemotherapy,c1-p0292,25.229135053110774,0.24087591240875925,474.0,214.0
1,Tislelizumab plus chemotherapy,c1-p0293,25.306525037936268,0.24087591240875925,475.0,214.0
1,Tislelizumab plus chemotherapy,c1-p0294,25.38391502276176,0.24087591240875925,476.0,214.0
1,Tislelizumab plus chemotherapy,c1-p0295,25.461305007587253,0.24087591240875925,477.0,214.0
1,Tislelizumab plus chemotherapy,c1-p0296,25.538694992412747,0.24087591240875925,478.0,214.0
1,Tislelizumab plus chemotherapy,c1-p0297,25.61608497723824,0.23357664233576642,479.0,216.0
1,Tislelizumab plus chemotherapy,c1-p0298,25.693474962063732,0.2299270072992701,480.0,217.0
1,Tislelizumab plus chemotherapy,c1-p0299,25.770864946889226,0.2226277372262774,481.0,219.0
1,Tislelizumab plus chemotherapy,c1-p0300,25.84825493171472,0.2226277372262774,482.0,219.0
1,Tislelizumab plus chemotherapy,c1-p0301,25.92564491654021,0.2226277372262774,483.0,219.0
1,Tislelizumab plus chemotherapy,c1-p0302,26.003034901365705,0.2226277372262774,484.0,219.0
1,Tislelizumab plus chemotherapy,c1-p0303,26.0804248861912,0.2226277372262774,485.0,219.0
1,Tislelizumab plus chemotherapy,c1-p0304,26.15781487101669,0.2226277372262774,486.0,219.0
1,Tislelizumab plus chemotherapy,c1-p0305,26.235204855842184,0.2226277372262774,487.0,219.0
1,Tislelizumab plus chemotherapy,c1-p0306,26.31259484066768,0.2226277372262774,488.0,219.0
1,Tislelizumab plus chemotherapy,c1-p0307,26.38998482549317,0.21897810218978095,489.0,220.0
1,Tislelizumab plus chemotherapy,c1-p0308,26.467374810318663,0.21897810218978095,490.0,220.0
1,Tislelizumab plus chemotherapy,c1-p0309,26.544764795144157,0.21897810218978095,491.0,220.0
1,Tislelizumab plus chemotherapy,c1-p0310,26.622154779969648,0.21897810218978095,492.0,220.0
1,Tislelizumab plus chemotherapy,c1-p0311,26.699544764795142,0.21897810218978095,493.0,220.0
1,Tislelizumab plus chemotherapy,c1-p0312,26.776934749620636,0.21897810218978095,494.0,220.0
1,Tislelizumab plus chemotherapy,c1-p0313,26.85432473444613,0.21897810218978095,495.0,220.0
1,Tislelizumab plus chemotherapy,c1-p0314,26.93171471927162,0.21897810218978095,496.0,220.0
1,Tislelizumab plus chemotherapy,c1-p0315,27.009104704097116,0.21897810218978095,497.0,220.0
1,Tislelizumab plus chemotherapy,c1-p0316,27.08649468892261,0.21897810218978095,498.0,220.0
1,Tislelizumab plus chemotherapy,c1-p0317,27.1638846737481,0.21897810218978095,499.0,220.0
1,Tislelizumab plus chemotherapy,c1-p0318,27.241274658573595,0.21897810218978095,500.0,220.0
1,Tislelizumab plus chemotherapy,c1-p0319,27.31866464339909,0.21897810218978095,501.0,220.0
1,Tislelizumab plus chemotherapy,c1-p0320,27.39605462822458,0.21897810218978095,502.0,220.0
1,Tislelizumab plus chemotherapy,c1-p0321,27.473444613050074,0.21897810218978095,503.0,220.0
1,Tislelizumab plus chemotherapy,c1-p0322,27.550834597875568,0.21897810218978095,504.0,220.0
1,Tislelizumab plus chemotherapy,c1-p0323,27.62822458270106,0.21897810218978095,505.0,220.0
1,Tislelizumab plus chemotherapy,c1-p0324,27.705614567526553,0.21897810218978095,506.0,220.0
1,Tislelizumab plus chemotherapy,c1-p0325,27.783004552352047,0.21897810218978095,507.0,220.0
1,Tislelizumab plus chemotherapy,c1-p0326,27.860394537177537,0.21897810218978095,508.0,220.0
1,Tislelizumab plus chemotherapy,c1-p0327,27.93778452200303,0.21897810218978095,509.0,220.0
1,Tislelizumab plus chemotherapy,c1-p0328,28.015174506828526,0.21897810218978095,510.0,220.0
1,Tislelizumab plus chemotherapy,c1-p0329,28.092564491654024,0.21897810218978095,511.0,220.0
1,Tislelizumab plus chemotherapy,c1-p0330,28.169954476479518,0.21897810218978095,512.0,220.0
1,Tislelizumab plus chemotherapy,c1-p0331,28.247344461305012,0.21897810218978095,513.0,220.0
1,Tislelizumab plus chemotherapy,c1-p0332,28.324734446130503,0.21897810218978095,514.0,220.0
1,Tislelizumab plus chemotherapy,c1-p0333,28.402124430955997,0.21897810218978095,515.0,220.0
1,Tislelizumab plus chemotherapy,c1-p0334,28.47951441578149,0.21897810218978095,516.0,220.0
1,Tislelizumab plus chemotherapy,c1-p0335,28.55690440060698,0.21897810218978095,517.0,220.0
1,Tislelizumab plus chemotherapy,c1-p0336,28.634294385432476,0.21897810218978095,518.0,220.0
1,Tislelizumab plus chemotherapy,c1-p0337,28.71168437025797,0.21897810218978095,519.0,220.0
1,Tislelizumab plus chemotherapy,c1-p0338,28.78907435508346,0.21897810218978095,520.0,220.0
1,Tislelizumab plus chemotherapy,c1-p0339,28.866464339908955,0.21897810218978095,521.0,220.0
1,Tislelizumab plus chemotherapy,c1-p0340,28.94385432473445,0.21897810218978095,522.0,220.0
1,Tislelizumab plus chemotherapy,c1-p0341,29.02124430955994,0.21897810218978095,523.0,220.0
1,Tislelizumab plus chemotherapy,c1-p0342,29.098634294385434,0.21897810218978095,524.0,220.0
1,Tislelizumab plus chemotherapy,c1-p0343,29.176024279210928,0.21897810218978095,525.0,220.0
1,Tislelizumab plus chemotherapy,c1-p0344,29.25341426403642,0.21897810218978095,526.0,220.0
1,Tislelizumab plus chemotherapy,c1-p0345,29.330804248861913,0.21897810218978095,527.0,220.0
1,Tislelizumab plus chemotherapy,c1-p0346,29.408194233687407,0.21897810218978095,528.0,220.0
1,Tislelizumab plus chemotherapy,c1-p0347,29.485584218512898,0.21897810218978095,529.0,220.0
1,Tislelizumab plus chemotherapy,c1-p0348,29.562974203338392,0.21897810218978095,530.0,220.0
1,Tislelizumab plus chemotherapy,c1-p0349,29.640364188163886,0.21897810218978095,531.0,220.0
1,Tislelizumab plus chemotherapy,c1-p0350,29.71775417298938,0.21897810218978095,532.0,220.0
1,Tislelizumab plus chemotherapy,c1-p0351,29.79514415781487,0.21897810218978095,533.0,220.0
1,Tislelizumab plus chemotherapy,c1-p0352,29.872534142640365,0.21897810218978095,534.0,220.0
1,Tislelizumab plus chemotherapy,c1-p0353,29.94992412746586,0.21897810218978095,535.0,220.0
1,Tislelizumab plus chemotherapy,c1-p0354,30.02731411229135,0.21897810218978095,536.0,220.0
1,Tislelizumab plus chemotherapy,c1-p0355,30.104704097116844,0.21897810218978095,537.0,220.0
1,Tislelizumab plus chemotherapy,c1-p0356,30.18209408194234,0.21897810218978095,538.0,220.0
1,Tislelizumab plus chemotherapy,c1-p0357,30.25948406676783,0.21897810218978095,539.0,220.0
1,Tislelizumab plus chemotherapy,c1-p0358,30.336874051593323,0.21897810218978095,540.0,220.0
1,Tislelizumab plus chemotherapy,c1-p0359,30.414264036418817,0.21897810218978095,541.0,220.0
1,Tislelizumab plus chemotherapy,c1-p0360,30.491654021244308,0.21897810218978095,542.0,220.0
1,Tislelizumab plus chemotherapy,c1-p0361,30.569044006069802,0.21897810218978095,543.0,220.0
1,Tislelizumab plus chemotherapy,c1-p0362,30.646433990895297,0.21897810218978095,544.0,220.0
1,Tislelizumab plus chemotherapy,c1-p0363,30.72382397572079,0.21897810218978095,545.0,220.0
1,Tislelizumab plus chemotherapy,c1-p0364,30.80121396054628,0.21897810218978095,546.0,220.0
1,Tislelizumab plus chemotherapy,c1-p0365,30.878603945371776,0.21897810218978095,547.0,220.0
1,Tislelizumab plus chemotherapy,c1-p0366,30.95599393019727,0.21897810218978095,548.0,220.0
1,Tislelizumab plus chemotherapy,c1-p0367,31.03338391502276,0.21897810218978095,549.0,220.0
1,Tislelizumab plus chemotherapy,c1-p0368,31.110773899848255,0.21897810218978095,550.0,220.0
1,Tislelizumab plus chemotherapy,c1-p0369,31.18816388467375,0.21897810218978095,551.0,220.0
1,Tislelizumab plus chemotherapy,c1-p0370,31.26555386949924,0.20802919708029194,552.0,223.0
1,Tislelizumab plus chemotherapy,c1-p0371,31.342943854324734,0.20802919708029194,553.0,223.0
1,Tislelizumab plus chemotherapy,c1-p0372,31.420333839150228,0.19708029197080293,554.0,226.0
1,Tislelizumab plus chemotherapy,c1-p0373,31.49772382397572,0.19708029197080293,555.0,226.0
1,Tislelizumab plus chemotherapy,c1-p0374,31.575113808801213,0.19708029197080293,556.0,226.0
1,Tislelizumab plus chemotherapy,c1-p0375,31.652503793626707,0.19708029197080293,557.0,226.0
1,Tislelizumab plus chemotherapy,c1-p0376,31.729893778452197,0.19708029197080293,558.0,226.0
1,Tislelizumab plus chemotherapy,c1-p0377,31.80728376327769,0.19708029197080293,559.0,226.0
1,Tislelizumab plus chemotherapy,c1-p0378,31.884673748103186,0.19708029197080293,560.0,226.0
1,Tislelizumab plus chemotherapy,c1-p0379,31.962063732928677,0.19708029197080293,561.0,226.0
1,Tislelizumab plus chemotherapy,c1-p0380,32.03945371775417,0.19708029197080293,562.0,226.0
1,Tislelizumab plus chemotherapy,c1-p0381,32.116843702579665,0.19708029197080293,563.0,226.0
1,Tislelizumab plus chemotherapy,c1-p0382,32.19423368740516,0.19708029197080293,564.0,226.0
1,Tislelizumab plus chemotherapy,c1-p0383,32.27162367223065,0.19708029197080293,565.0,226.0
1,Tislelizumab plus chemotherapy,c1-p0384,32.34901365705614,0.19708029197080293,566.0,226.0
1,Tislelizumab plus chemotherapy,c1-p0385,32.426403641881635,0.19708029197080293,567.0,226.0
1,Tislelizumab plus chemotherapy,c1-p0386,32.50379362670713,0.19708029197080293,568.0,226.0
1,Tislelizumab plus chemotherapy,c1-p0387,32.58118361153262,0.19708029197080293,569.0,226.0
1,Tislelizumab plus chemotherapy,c1-p0388,32.65857359635812,0.19708029197080293,570.0,226.0
1,Tislelizumab plus chemotherapy,c1-p0389,32.73596358118361,0.19708029197080293,571.0,226.0
1,Tislelizumab plus chemotherapy,c1-p0390,32.813353566009106,0.19708029197080293,572.0,226.0
1,Tislelizumab plus chemotherapy,c1-p0391,32.89074355083459,0.19708029197080293,573.0,226.0
1,Tislelizumab plus chemotherapy,c1-p0392,32.96813353566009,0.19708029197080293,574.0,226.0
1,Tislelizumab plus chemotherapy,c1-p0393,33.04552352048558,0.19708029197080293,575.0,226.0
1,Tislelizumab plus chemotherapy,c1-p0394,33.122913505311075,0.19708029197080293,576.0,226.0
1,Tislelizumab plus chemotherapy,c1-p0395,33.20030349013658,0.19708029197080293,577.0,226.0
1,Tislelizumab plus chemotherapy,c1-p0396,33.277693474962064,0.19708029197080293,578.0,226.0
1,Tislelizumab plus chemotherapy,c1-p0397,33.35508345978756,0.19708029197080293,579.0,226.0
1,Tislelizumab plus chemotherapy,c1-p0398,33.43247344461305,0.19708029197080293,580.0,226.0
1,Tislelizumab plus chemotherapy,c1-p0399,33.509863429438546,0.19708029197080293,581.0,226.0
1,Tislelizumab plus chemotherapy,c1-p0400,33.58725341426404,0.19708029197080293,582.0,226.0
1,Tislelizumab plus chemotherapy,c1-p0401,33.664643399089535,0.19708029197080293,583.0,226.0
1,Tislelizumab plus chemotherapy,c1-p0402,33.74203338391502,0.19708029197080293,584.0,226.0
1,Tislelizumab plus chemotherapy,c1-p0403,33.819423368740516,0.19708029197080293,585.0,226.0
1,Tislelizumab plus chemotherapy,c1-p0404,33.89681335356601,0.19708029197080293,586.0,226.0
1,Tislelizumab plus chemotherapy,c1-p0405,33.974203338391504,0.19708029197080293,587.0,226.0
1,Tislelizumab plus chemotherapy,c1-p0406,34.051593323217,0.19708029197080293,588.0,226.0
1,Tislelizumab plus chemotherapy,c1-p0407,34.12898330804249,0.19708029197080293,589.0,226.0
1,Tislelizumab plus chemotherapy,c1-p0408,34.20637329286799,0.19708029197080293,590.0,226.0
1,Tislelizumab plus chemotherapy,c1-p0409,34.283763277693474,0.19708029197080293,591.0,226.0
1,Tislelizumab plus chemotherapy,c1-p0410,34.36115326251897,0.19708029197080293,592.0,226.0
1,Tislelizumab plus chemotherapy,c1-p0411,34.43854324734446,0.19708029197080293,593.0,226.0
1,Tislelizumab plus chemotherapy,c1-p0412,34.51593323216996,0.19708029197080293,594.0,226.0
1,Tislelizumab plus chemotherapy,c1-p0413,34.59332321699545,0.19708029197080293,595.0,226.0
1,Tislelizumab plus chemotherapy,c1-p0414,34.670713201820945,0.18978102189781026,596.0,228.0
1,Tislelizumab plus chemotherapy,c1-p0415,34.74810318664643,0.18248175182481746,597.0,230.0
1,Tislelizumab plus chemotherapy,c1-p0416,34.825493171471926,0.18248175182481746,598.0,230.0
1,Tislelizumab plus chemotherapy,c1-p0417,34.90288315629742,0.18248175182481746,599.0,230.0
1,Tislelizumab plus chemotherapy,c1-p0418,34.980273141122915,0.18248175182481746,600.0,230.0
1,Tislelizumab plus chemotherapy,c1-p0419,35.05766312594841,0.18248175182481746,601.0,230.0
1,Tislelizumab plus chemotherapy,c1-p0420,35.1350531107739,0.18248175182481746,602.0,230.0
1,Tislelizumab plus chemotherapy,c1-p0421,35.21244309559939,0.18248175182481746,603.0,230.0
1,Tislelizumab plus chemotherapy,c1-p0422,35.289833080424884,0.18248175182481746,604.0,230.0
1,Tislelizumab plus chemotherapy,c1-p0423,35.36722306525038,0.18248175182481746,605.0,230.0
1,Tislelizumab plus chemotherapy,c1-p0424,35.44461305007587,0.18248175182481746,606.0,230.0
1,Tislelizumab plus chemotherapy,c1-p0425,35.52200303490137,0.18248175182481746,607.0,230.0
1,Tislelizumab plus chemotherapy,c1-p0426,35.59939301972686,0.18248175182481746,608.0,230.0
1,Tislelizumab plus chemotherapy,c1-p0427,35.676783004552355,0.18248175182481746,609.0,230.0
1,Tislelizumab plus chemotherapy,c1-p0428,35.75417298937784,0.18248175182481746,610.0,230.0
1,Tislelizumab plus chemotherapy,c1-p0429,35.83156297420334,0.18248175182481746,611.0,230.0
1,Tislelizumab plus chemotherapy,c1-p0430,35.90895295902883,0.18248175182481746,612.0,230.0
1,Tislelizumab plus chemotherapy,c1-p0431,35.986342943854325,0.18248175182481746,613.0,230.0
1,Tislelizumab plus chemotherapy,c1-p0432,36.06373292867982,0.18248175182481746,614.0,230.0
1,Tislelizumab plus chemotherapy,c1-p0433,36.14112291350531,0.18248175182481746,615.0,230.0
1,Tislelizumab plus chemotherapy,c1-p0434,36.2185128983308,0.18248175182481746,616.0,230.0
1,Tislelizumab plus chemotherapy,c1-p0435,36.295902883156295,0.18248175182481746,617.0,230.0
1,Tislelizumab plus chemotherapy,c1-p0436,36.37329286798179,0.18248175182481746,618.0,230.0
1,Tislelizumab plus chemotherapy,c1-p0437,36.45068285280728,0.18248175182481746,619.0,230.0
1,Tislelizumab plus chemotherapy,c1-p0438,36.52807283763278,0.18248175182481746,620.0,230.0
1,Tislelizumab plus chemotherapy,c1-p0439,36.60546282245827,0.18248175182481746,621.0,230.0
1,Tislelizumab plus chemotherapy,c1-p0440,36.682852807283766,0.18248175182481746,622.0,230.0
1,Tislelizumab plus chemotherapy,c1-p0441,36.76024279210925,0.18248175182481746,623.0,230.0
1,Tislelizumab plus chemotherapy,c1-p0442,36.83763277693475,0.18248175182481746,624.0,230.0
1,Tislelizumab plus chemotherapy,c1-p0443,36.91502276176024,0.18248175182481746,625.0,230.0
1,Tislelizumab plus chemotherapy,c1-p0444,36.992412746585735,0.18248175182481746,626.0,230.0
1,Tislelizumab plus chemotherapy,c1-p0445,37.06980273141123,0.18248175182481746,627.0,230.0
1,Tislelizumab plus chemotherapy,c1-p0446,37.147192716236724,0.18248175182481746,628.0,230.0
1,Tislelizumab plus chemotherapy,c1-p0447,37.22458270106221,0.18248175182481746,629.0,230.0
1,Tislelizumab plus chemotherapy,c1-p0448,37.301972685887705,0.18248175182481746,630.0,230.0
1,Tislelizumab plus chemotherapy,c1-p0449,37.3793626707132,0.18248175182481746,631.0,230.0
1,Tislelizumab plus chemotherapy,c1-p0450,37.45675265553869,0.18248175182481746,632.0,230.0
1,Tislelizumab plus chemotherapy,c1-p0451,37.53414264036419,0.18248175182481746,633.0,230.0
1,Tislelizumab plus chemotherapy,c1-p0452,37.61153262518968,0.18248175182481746,634.0,230.0
1,Tislelizumab plus chemotherapy,c1-p0453,37.68892261001517,0.18248175182481746,635.0,230.0
1,Tislelizumab plus chemotherapy,c1-p0454,37.76631259484066,0.18248175182481746,636.0,230.0
1,Tislelizumab plus chemotherapy,c1-p0455,37.84370257966616,0.18248175182481746,637.0,230.0
1,Tislelizumab plus chemotherapy,c1-p0456,37.92109256449165,0.18248175182481746,638.0,230.0
1,Tislelizumab plus chemotherapy,c1-p0457,37.998482549317146,0.18248175182481746,639.0,230.0
1,Tislelizumab plus chemotherapy,c1-p0458,38.07587253414264,0.18248175182481746,640.0,230.0
1,Tislelizumab plus chemotherapy,c1-p0459,38.153262518968134,0.18248175182481746,641.0,230.0
1,Tislelizumab plus chemotherapy,c1-p0460,38.23065250379362,0.18248175182481746,642.0,230.0
1,Tislelizumab plus chemotherapy,c1-p0461,38.30804248861912,0.18248175182481746,643.0,230.0
1,Tislelizumab plus chemotherapy,c1-p0462,38.38543247344462,0.18248175182481746,644.0,230.0
1,Tislelizumab plus chemotherapy,c1-p0463,38.46282245827011,0.18248175182481746,645.0,230.0
1,Tislelizumab plus chemotherapy,c1-p0464,38.540212443095605,0.18248175182481746,646.0,230.0
1,Tislelizumab plus chemotherapy,c1-p0465,38.61760242792109,0.18248175182481746,647.0,230.0
1,Tislelizumab plus chemotherapy,c1-p0466,38.694992412746586,0.18248175182481746,648.0,230.0
1,Tislelizumab plus chemotherapy,c1-p0467,38.77238239757208,0.18248175182481746,649.0,230.0
1,Tislelizumab plus chemotherapy,c1-p0468,38.849772382397575,0.18248175182481746,650.0,230.0
1,Tislelizumab plus chemotherapy,c1-p0469,38.92716236722307,0.18248175182481746,651.0,230.0
1,Tislelizumab plus chemotherapy,c1-p0470,39.00455235204856,0.18248175182481746,652.0,229.0
1,Tislelizumab plus chemotherapy,c1-p0471,39.08194233687405,0.18248175182481746,653.0,229.0
1,Tislelizumab plus chemotherapy,c1-p0472,39.159332321699544,0.16058394160583944,654.0,236.0
1,Tislelizumab plus chemotherapy,c1-p0473,39.23672230652504,0.16058394160583944,655.0,236.0
1,Tislelizumab plus chemotherapy,c1-p0474,39.31411229135053,0.16058394160583944,656.0,236.0
1,Tislelizumab plus chemotherapy,c1-p0475,39.39150227617603,0.16058394160583944,657.0,236.0
1,Tislelizumab plus chemotherapy,c1-p0476,39.46889226100152,0.16058394160583944,658.0,236.0
1,Tislelizumab plus chemotherapy,c1-p0477,39.546282245827015,0.16058394160583944,659.0,236.0
1,Tislelizumab plus chemotherapy,c1-p0478,39.6236722306525,0.16058394160583944,660.0,236.0
1,Tislelizumab plus chemotherapy,c1-p0479,39.701062215478,0.16058394160583944,661.0,236.0
1,Tislelizumab plus chemotherapy,c1-p0480,39.77845220030349,0.16058394160583944,662.0,236.0
1,Tislelizumab plus chemotherapy,c1-p0481,39.855842185128985,0.16058394160583944,663.0,236.0
1,Tislelizumab plus chemotherapy,c1-p0482,39.93323216995448,0.16058394160583944,664.0,236.0
1,Tislelizumab plus chemotherapy,c1-p0483,40.01062215477997,0.16058394160583944,665.0,236.0
1,Tislelizumab plus chemotherapy,c1-p0484,40.08801213960546,0.16058394160583944,666.0,236.0
1,Tislelizumab plus chemotherapy,c1-p0485,40.165402124430955,0.16058394160583944,667.0,236.0
1,Tislelizumab plus chemotherapy,c1-p0486,40.24279210925645,0.16058394160583944,668.0,236.0
1,Tislelizumab plus chemotherapy,c1-p0487,40.32018209408194,0.16058394160583944,669.0,236.0
1,Tislelizumab plus chemotherapy,c1-p0488,40.39757207890744,0.16058394160583944,670.0,236.0
1,Tislelizumab plus chemotherapy,c1-p0489,40.47496206373293,0.16058394160583944,671.0,236.0
1,Tislelizumab plus chemotherapy,c1-p0490,40.55235204855842,0.16058394160583944,672.0,236.0
1,Tislelizumab plus chemotherapy,c1-p0491,40.62974203338391,0.16058394160583944,673.0,236.0
1,Tislelizumab plus chemotherapy,c1-p0492,40.70713201820941,0.16058394160583944,674.0,236.0
1,Tislelizumab plus chemotherapy,c1-p0493,40.7845220030349,0.16058394160583944,675.0,236.0
1,Tislelizumab plus chemotherapy,c1-p0494,40.861911987860395,0.16058394160583944,676.0,236.0
1,Tislelizumab plus chemotherapy,c1-p0495,40.93930197268589,0.16058394160583944,677.0,236.0
1,Tislelizumab plus chemotherapy,c1-p0496,41.016691957511384,0.16058394160583944,678.0,236.0
1,Tislelizumab plus chemotherapy,c1-p0497,41.09408194233687,0.16058394160583944,679.0,236.0
1,Tislelizumab plus chemotherapy,c1-p0498,41.171471927162365,0.16058394160583944,680.0,236.0
1,Tislelizumab plus chemotherapy,c1-p0499,41.24886191198786,0.16058394160583944,681.0,236.0
1,Tislelizumab plus chemotherapy,c1-p0500,41.32625189681335,0.16058394160583944,682.0,236.0
1,Tislelizumab plus chemotherapy,c1-p0501,41.40364188163885,0.16058394160583944,683.0,236.0
1,Tislelizumab plus chemotherapy,c1-p0502,41.48103186646434,0.16058394160583944,684.0,236.0
1,Tislelizumab plus chemotherapy,c1-p0503,41.55842185128983,0.16058394160583944,685.0,236.0
1,Tislelizumab plus chemotherapy,c1-p0504,41.63581183611532,0.16058394160583944,686.0,236.0
1,Tislelizumab plus chemotherapy,c1-p0505,41.71320182094082,0.16058394160583944,687.0,236.0
1,Tislelizumab plus chemotherapy,c1-p0506,41.79059180576631,0.16058394160583944,688.0,236.0
1,Tislelizumab plus chemotherapy,c1-p0507,41.867981790591806,0.16058394160583944,689.0,236.0
1,Tislelizumab plus chemotherapy,c1-p0508,41.9453717754173,0.16058394160583944,690.0,236.0
1,Tislelizumab plus chemotherapy,c1-p0509,42.022761760242794,0.16058394160583944,691.0,236.0
1,Tislelizumab plus chemotherapy,c1-p0510,42.10015174506828,0.16058394160583944,692.0,236.0
1,Tislelizumab plus chemotherapy,c1-p0511,42.177541729893775,0.16058394160583944,693.0,236.0
1,Tislelizumab plus chemotherapy,c1-p0512,42.25493171471927,0.16058394160583944,694.0,236.0
1,Tislelizumab plus chemotherapy,c1-p0513,42.332321699544764,0.16058394160583944,695.0,236.0
1,Tislelizumab plus chemotherapy,c1-p0514,42.40971168437026,0.16058394160583944,696.0,236.0
1,Tislelizumab plus chemotherapy,c1-p0515,42.48710166919575,0.16058394160583944,697.0,236.0
1,Tislelizumab plus chemotherapy,c1-p0516,42.56449165402124,0.16058394160583944,698.0,236.0
1,Tislelizumab plus chemotherapy,c1-p0517,42.64188163884673,0.16058394160583944,699.0,236.0
1,Tislelizumab plus chemotherapy,c1-p0518,42.71927162367223,0.16058394160583944,700.0,236.0
1,Tislelizumab plus chemotherapy,c1-p0519,42.79666160849772,0.16058394160583944,701.0,236.0
1,Tislelizumab plus chemotherapy,c1-p0520,42.874051593323216,0.16058394160583944,702.0,236.0
1,Tislelizumab plus chemotherapy,c1-p0521,42.95144157814871,0.16058394160583944,703.0,236.0
1,Tislelizumab plus chemotherapy,c1-p0522,43.028831562974204,0.16058394160583944,704.0,236.0
1,Tislelizumab plus chemotherapy,c1-p0523,43.10622154779969,0.16058394160583944,705.0,236.0
1,Tislelizumab plus chemotherapy,c1-p0524,43.183611532625186,0.16058394160583944,706.0,236.0
1,Tislelizumab plus chemotherapy,c1-p0525,43.26100151745068,0.16058394160583944,707.0,236.0
1,Tislelizumab plus chemotherapy,c1-p0526,43.338391502276174,0.16058394160583944,708.0,236.0
1,Tislelizumab plus chemotherapy,c1-p0527,43.415781487101675,0.16058394160583944,709.0,236.0
1,Tislelizumab plus chemotherapy,c1-p0528,43.49317147192716,0.16058394160583944,710.0,236.0
1,Tislelizumab plus chemotherapy,c1-p0529,43.57056145675266,0.16058394160583944,711.0,236.0
1,Tislelizumab plus chemotherapy,c1-p0530,43.64795144157815,0.16058394160583944,712.0,236.0
1,Tislelizumab plus chemotherapy,c1-p0531,43.725341426403645,0.1569343065693431,713.0,237.0
1,Tislelizumab plus chemotherapy,c1-p0532,43.80273141122914,0.1569343065693431,714.0,236.0
1,Tislelizumab plus chemotherapy,c1-p0533,43.88012139605463,0.1569343065693431,715.0,236.0
1,Tislelizumab plus chemotherapy,c1-p0534,43.95751138088012,0.1569343065693431,716.0,236.0
1,Tislelizumab plus chemotherapy,c1-p0535,44.034901365705615,0.1569343065693431,717.0,236.0
1,Tislelizumab plus chemotherapy,c1-p0536,44.11229135053111,0.1569343065693431,718.0,236.0
1,Tislelizumab plus chemotherapy,c1-p0537,44.1896813353566,0.1569343065693431,719.0,236.0
1,Tislelizumab plus chemotherapy,c1-p0538,44.2670713201821,0.1569343065693431,720.0,236.0
1,Tislelizumab plus chemotherapy,c1-p0539,44.34446130500759,0.1569343065693431,721.0,236.0
1,Tislelizumab plus chemotherapy,c1-p0540,44.42185128983308,0.1569343065693431,722.0,236.0
1,Tislelizumab plus chemotherapy,c1-p0541,44.49924127465857,0.1569343065693431,723.0,236.0
1,Tislelizumab plus chemotherapy,c1-p0542,44.57663125948407,0.1569343065693431,724.0,236.0
1,Tislelizumab plus chemotherapy,c1-p0543,44.65402124430956,0.1569343065693431,725.0,236.0
1,Tislelizumab plus chemotherapy,c1-p0544,44.731411229135055,0.1569343065693431,726.0,236.0
1,Tislelizumab plus chemotherapy,c1-p0545,44.80880121396055,0.1569343065693431,727.0,236.0
1,Tislelizumab plus chemotherapy,c1-p0546,44.886191198786044,0.1569343065693431,728.0,236.0
1,Tislelizumab plus chemotherapy,c1-p0547,44.96358118361153,0.1569343065693431,729.0,236.0
1,Tislelizumab plus chemotherapy,c1-p0548,45.040971168437025,0.1569343065693431,730.0,236.0
1,Tislelizumab plus chemotherapy,c1-p0549,45.11836115326252,0.1569343065693431,731.0,236.0
1,Tislelizumab plus chemotherapy,c1-p0550,45.19575113808801,0.1569343065693431,732.0,236.0
1,Tislelizumab plus chemotherapy,c1-p0551,45.27314112291351,0.1569343065693431,733.0,236.0
1,Tislelizumab plus chemotherapy,c1-p0552,45.350531107739,0.1569343065693431,734.0,236.0
1,Tislelizumab plus chemotherapy,c1-p0553,45.42792109256449,0.1569343065693431,735.0,236.0
1,Tislelizumab plus chemotherapy,c1-p0554,45.50531107738998,0.1569343065693431,736.0,236.0
1,Tislelizumab plus chemotherapy,c1-p0555,45.58270106221548,0.1569343065693431,737.0,236.0
1,Tislelizumab plus chemotherapy,c1-p0556,45.66009104704097,0.1569343065693431,738.0,236.0
1,Tislelizumab plus chemotherapy,c1-p0557,45.737481031866466,0.1569343065693431,739.0,236.0
1,Tislelizumab plus chemotherapy,c1-p0558,45.81487101669196,0.1569343065693431,740.0,236.0
1,Tislelizumab plus chemotherapy,c1-p0559,45.892261001517454,0.1569343065693431,741.0,236.0
1,Tislelizumab plus chemotherapy,c1-p0560,45.96965098634294,0.1569343065693431,742.0,236.0
1,Tislelizumab plus chemotherapy,c1-p0561,46.047040971168435,0.1569343065693431,743.0,236.0
1,Tislelizumab plus chemotherapy,c1-p0562,46.12443095599393,0.1569343065693431,744.0,236.0
1,Tislelizumab plus chemotherapy,c1-p0563,46.201820940819424,0.1569343065693431,745.0,236.0
1,Tislelizumab plus chemotherapy,c1-p0564,46.27921092564492,0.1569343065693431,746.0,236.0
1,Tislelizumab plus chemotherapy,c1-p0565,46.35660091047041,0.1569343065693431,747.0,236.0
1,Tislelizumab plus chemotherapy,c1-p0566,46.4339908952959,0.1569343065693431,748.0,236.0
1,Tislelizumab plus chemotherapy,c1-p0567,46.51138088012139,0.1569343065693431,749.0,236.0
1,Tislelizumab plus chemotherapy,c1-p0568,46.58877086494689,0.1569343065693431,750.0,236.0
1,Tislelizumab plus chemotherapy,c1-p0569,46.66616084977238,0.1569343065693431,751.0,236.0
1,Tislelizumab plus chemotherapy,c1-p0570,46.743550834597876,0.1569343065693431,752.0,236.0
1,Tislelizumab plus chemotherapy,c1-p0571,46.82094081942337,0.1569343065693431,753.0,236.0
1,Tislelizumab plus chemotherapy,c1-p0572,46.89833080424886,0.1569343065693431,754.0,236.0
1,Tislelizumab plus chemotherapy,c1-p0573,46.97572078907435,0.1569343065693431,755.0,236.0
1,Tislelizumab plus chemotherapy,c1-p0574,47.053110773899846,0.1569343065693431,756.0,236.0
1,Tislelizumab plus chemotherapy,c1-p0575,47.13050075872534,0.1569343065693431,757.0,236.0
1,Tislelizumab plus chemotherapy,c1-p0576,47.207890743550834,0.1569343065693431,758.0,236.0
1,Tislelizumab plus chemotherapy,c1-p0577,47.28528072837633,0.1569343065693431,759.0,236.0
1,Tislelizumab plus chemotherapy,c1-p0578,47.36267071320182,0.1569343065693431,760.0,236.0
1,Tislelizumab plus chemotherapy,c1-p0579,47.44006069802731,0.1569343065693431,761.0,236.0
1,Tislelizumab plus chemotherapy,c1-p0580,47.517450682852804,0.1569343065693431,762.0,236.0
1,Tislelizumab plus chemotherapy,c1-p0581,47.5948406676783,0.1569343065693431,763.0,236.0
1,Tislelizumab plus chemotherapy,c1-p0582,47.67223065250379,0.1569343065693431,764.0,236.0
1,Tislelizumab plus chemotherapy,c1-p0583,47.749620637329286,0.1569343065693431,765.0,236.0
1,Tislelizumab plus chemotherapy,c1-p0584,47.82701062215478,0.1569343065693431,766.0,236.0
1,Tislelizumab plus chemotherapy,c1-p0585,47.90440060698027,0.1569343065693431,767.0,236.0
1,Tislelizumab plus chemotherapy,c1-p0586,47.98179059180576,0.1569343065693431,768.0,236.0
1,Tislelizumab plus chemotherapy,c1-p0587,48.059180576631256,0.1569343065693431,769.0,236.0
1,Tislelizumab plus chemotherapy,c1-p0588,48.13657056145675,0.1569343065693431,770.0,236.0
1,Tislelizumab plus chemotherapy,c1-p0589,48.213960546282244,0.1569343065693431,771.0,236.0
1,Tislelizumab plus chemotherapy,c1-p0590,48.29135053110774,0.1569343065693431,772.0,236.0
1,Tislelizumab plus chemotherapy,c1-p0591,48.36874051593323,0.1569343065693431,773.0,236.0
1,Tislelizumab plus chemotherapy,c1-p0592,48.44613050075872,0.1569343065693431,774.0,236.0
1,Tislelizumab plus chemotherapy,c1-p0593,48.52352048558422,0.1569343065693431,775.0,236.0
1,Tislelizumab plus chemotherapy,c1-p0594,48.600910470409715,0.1569343065693431,776.0,236.0
1,Tislelizumab plus chemotherapy,c1-p0595,48.67830045523521,0.1569343065693431,777.0,236.0
1,Tislelizumab plus chemotherapy,c1-p0596,48.755690440060704,0.1569343065693431,778.0,236.0
1,Tislelizumab plus chemotherapy,c1-p0597,48.83308042488619,0.1569343065693431,779.0,236.0
1,Tislelizumab plus chemotherapy,c1-p0598,48.910470409711685,0.1569343065693431,780.0,236.0
1,Tislelizumab plus chemotherapy,c1-p0599,48.98786039453718,0.1569343065693431,781.0,236.0
1,Tislelizumab plus chemotherapy,c1-p0600,49.06525037936267,0.1569343065693431,782.0,236.0
1,Tislelizumab plus chemotherapy,c1-p0601,49.14264036418817,0.1569343065693431,783.0,236.0
1,Tislelizumab plus chemotherapy,c1-p0602,49.22003034901366,0.1569343065693431,784.0,236.0
1,Tislelizumab plus chemotherapy,c1-p0603,49.29742033383915,0.1569343065693431,785.0,236.0
1,Tislelizumab plus chemotherapy,c1-p0604,49.37481031866464,0.1569343065693431,786.0,236.0
1,Tislelizumab plus chemotherapy,c1-p0605,49.45220030349014,0.1569343065693431,787.0,236.0
1,Tislelizumab plus chemotherapy,c1-p0606,49.52959028831563,0.1569343065693431,788.0,236.0
1,Tislelizumab plus chemotherapy,c1-p0607,49.606980273141126,0.1569343065693431,789.0,236.0
1,Tislelizumab plus chemotherapy,c1-p0608,49.68437025796662,0.1569343065693431,790.0,236.0
1,Tislelizumab plus chemotherapy,c1-p0609,49.76176024279211,0.1569343065693431,791.0,236.0
1,Tislelizumab plus chemotherapy,c1-p0610,49.8391502276176,0.1569343065693431,792.0,236.0
1,Tislelizumab plus chemotherapy,c1-p0611,49.916540212443095,0.1569343065693431,793.0,236.0
1,Tislelizumab plus chemotherapy,c1-p0612,49.99393019726859,0.1569343065693431,794.0,236.0
1,Tislelizumab plus chemotherapy,c1-p0613,50.071320182094084,0.1569343065693431,795.0,236.0
2,Placebo plus chemotherapy,c2-p0000,0.0,1.0,148.0,6.0
2,Placebo plus chemotherapy,c2-p0001,0.6965098634294385,1.0,157.0,6.0
2,Placebo plus chemotherapy,c2-p0002,0.7738998482549317,0.9927007299270073,158.0,8.0
2,Placebo plus chemotherapy,c2-p0003,0.8512898330804248,0.9927007299270073,159.0,8.0
2,Placebo plus chemotherapy,c2-p0004,0.9286798179059181,0.9927007299270073,160.0,8.0
2,Placebo plus chemotherapy,c2-p0005,1.0060698027314112,0.9927007299270073,161.0,8.0
2,Placebo plus chemotherapy,c2-p0006,1.0834597875569045,0.9927007299270073,162.0,8.0
2,Placebo plus chemotherapy,c2-p0007,1.1608497723823976,0.9927007299270073,163.0,7.0
2,Placebo plus chemotherapy,c2-p0008,1.2382397572078907,0.9927007299270073,164.0,7.0
2,Placebo plus chemotherapy,c2-p0009,1.3156297420333838,0.9927007299270073,165.0,8.0
2,Placebo plus chemotherapy,c2-p0010,1.393019726858877,0.9927007299270073,166.0,8.0
2,Placebo plus chemotherapy,c2-p0011,1.4704097116843702,0.9854014598540146,167.0,10.0
2,Placebo plus chemotherapy,c2-p0012,1.5477996965098635,0.9854014598540146,168.0,10.0
2,Placebo plus chemotherapy,c2-p0013,1.6251896813353566,0.9854014598540146,169.0,10.0
2,Placebo plus chemotherapy,c2-p0014,1.7025796661608497,0.9854014598540146,170.0,10.0
2,Placebo plus chemotherapy,c2-p0015,1.7799696509863432,0.9854014598540146,171.0,9.0
2,Placebo plus chemotherapy,c2-p0016,1.8573596358118363,0.9854014598540146,172.0,8.0
2,Placebo plus chemotherapy,c2-p0017,1.9347496206373294,0.9854014598540146,173.0,7.0
2,Placebo plus chemotherapy,c2-p0018,2.0121396054628224,0.9854014598540146,174.0,7.0
2,Placebo plus chemotherapy,c2-p0019,2.0895295902883158,0.9854014598540146,175.0,7.0
2,Placebo plus chemotherapy,c2-p0020,2.166919575113809,0.9854014598540146,176.0,8.0
2,Placebo plus chemotherapy,c2-p0021,2.244309559939302,0.9854014598540146,177.0,9.0
2,Placebo plus chemotherapy,c2-p0022,2.3216995447647952,0.9051094890510949,178.0,32.0
2,Placebo plus chemotherapy,c2-p0023,2.3990895295902885,0.9051094890510949,179.0,32.0
2,Placebo plus chemotherapy,c2-p0024,2.4764795144157814,0.9051094890510949,180.0,32.0
2,Placebo plus chemotherapy,c2-p0025,2.5538694992412747,0.9014598540145985,181.0,33.0
2,Placebo plus chemotherapy,c2-p0026,2.6312594840667676,0.8978102189781022,182.0,34.0
2,Placebo plus chemotherapy,c2-p0027,2.708649468892261,0.8905109489051095,183.0,36.0
2,Placebo plus chemotherapy,c2-p0028,2.786039453717754,0.8905109489051095,184.0,36.0
2,Placebo plus chemotherapy,c2-p0029,2.8634294385432475,0.8905109489051095,185.0,36.0
2,Placebo plus chemotherapy,c2-p0030,2.9408194233687404,0.8905109489051095,186.0,35.0
2,Placebo plus chemotherapy,c2-p0031,3.0182094081942337,0.8905109489051095,187.0,35.0
2,Placebo plus chemotherapy,c2-p0032,3.095599393019727,0.8905109489051095,188.0,35.0
2,Placebo plus chemotherapy,c2-p0033,3.17298937784522,0.8905109489051095,189.0,36.0
2,Placebo plus chemotherapy,c2-p0034,3.250379362670713,0.8868613138686132,190.0,37.0
2,Placebo plus chemotherapy,c2-p0035,3.327769347496206,0.8832116788321167,191.0,38.0
2,Placebo plus chemotherapy,c2-p0036,3.4051593323216993,0.8832116788321167,192.0,38.0
2,Placebo plus chemotherapy,c2-p0037,3.482549317147192,0.8832116788321167,193.0,38.0
2,Placebo plus chemotherapy,c2-p0038,3.5599393019726864,0.8832116788321167,194.0,38.0
2,Placebo plus chemotherapy,c2-p0039,3.6373292867981792,0.8832116788321167,195.0,38.0
2,Placebo plus chemotherapy,c2-p0040,3.7147192716236725,0.8795620437956204,196.0,39.0
2,Placebo plus chemotherapy,c2-p0041,3.7921092564491654,0.875912408759124,197.0,40.0
2,Placebo plus chemotherapy,c2-p0042,3.8694992412746587,0.8321167883211679,198.0,52.0
2,Placebo plus chemotherapy,c2-p0043,3.9468892261001516,0.8321167883211679,199.0,52.0
2,Placebo plus chemotherapy,c2-p0044,4.024279210925645,0.8248175182481752,200.0,54.0
2,Placebo plus chemotherapy,c2-p0045,4.101669195751138,0.8248175182481752,201.0,54.0
2,Placebo plus chemotherapy,c2-p0046,4.1790591805766315,0.8248175182481752,202.0,54.0
2,Placebo plus chemotherapy,c2-p0047,4.256449165402125,0.8248175182481752,203.0,54.0
2,Placebo plus chemotherapy,c2-p0048,4.333839150227618,0.8248175182481752,204.0,54.0
2,Placebo plus chemotherapy,c2-p0049,4.4112291350531105,0.8248175182481752,205.0,54.0
2,Placebo plus chemotherapy,c2-p0050,4.488619119878604,0.8248175182481752,206.0,53.0
2,Placebo plus chemotherapy,c2-p0051,4.566009104704097,0.8248175182481752,207.0,52.0
2,Placebo plus chemotherapy,c2-p0052,4.6433990895295905,0.8248175182481752,208.0,52.0
2,Placebo plus chemotherapy,c2-p0053,4.720789074355083,0.8248175182481752,209.0,52.0
2,Placebo plus chemotherapy,c2-p0054,4.798179059180577,0.8248175182481752,210.0,52.0
2,Placebo plus chemotherapy,c2-p0055,4.87556904400607,0.8248175182481752,211.0,53.0
2,Placebo plus chemotherapy,c2-p0056,4.952959028831563,0.8248175182481752,212.0,54.0
2,Placebo plus chemotherapy,c2-p0057,5.030349013657056,0.8065693430656934,213.0,59.0
2,Placebo plus chemotherapy,c2-p0058,5.107738998482549,0.7627737226277372,214.0,71.0
2,Placebo plus chemotherapy,c2-p0059,5.185128983308043,0.759124087591241,215.0,72.0
2,Placebo plus chemotherapy,c2-p0060,5.262518968133535,0.740875912408759,216.0,77.0
2,Placebo plus chemotherapy,c2-p0061,5.3399089529590285,0.740875912408759,217.0,77.0
2,Placebo plus chemotherapy,c2-p0062,5.417298937784522,0.7372262773722628,218.0,78.0
2,Placebo plus chemotherapy,c2-p0063,5.494688922610015,0.7335766423357665,219.0,79.0
2,Placebo plus chemotherapy,c2-p0064,5.572078907435508,0.7043795620437956,220.0,87.0
2,Placebo plus chemotherapy,c2-p0065,5.649468892261002,0.6934306569343066,221.0,90.0
2,Placebo plus chemotherapy,c2-p0066,5.726858877086495,0.6934306569343066,222.0,90.0
2,Placebo plus chemotherapy,c2-p0067,5.804248861911987,0.6934306569343066,223.0,90.0
2,Placebo plus chemotherapy,c2-p0068,5.881638846737481,0.6934306569343066,224.0,90.0
2,Placebo plus chemotherapy,c2-p0069,5.959028831562974,0.6934306569343066,225.0,90.0
2,Placebo plus chemotherapy,c2-p0070,6.036418816388467,0.6861313868613138,226.0,92.0
2,Placebo plus chemotherapy,c2-p0071,6.113808801213961,0.6861313868613138,227.0,92.0
2,Placebo plus chemotherapy,c2-p0072,6.191198786039454,0.6861313868613138,228.0,92.0
2,Placebo plus chemotherapy,c2-p0073,6.268588770864947,0.6824817518248176,229.0,93.0
2,Placebo plus chemotherapy,c2-p0074,6.34597875569044,0.6131386861313868,230.0,112.0
2,Placebo plus chemotherapy,c2-p0075,6.423368740515933,0.6131386861313868,231.0,112.0
2,Placebo plus chemotherapy,c2-p0076,6.500758725341426,0.572992700729927,232.0,123.0
2,Placebo plus chemotherapy,c2-p0077,6.57814871016692,0.5693430656934307,233.0,124.0
2,Placebo plus chemotherapy,c2-p0078,6.655538694992412,0.5620437956204379,234.0,126.0
2,Placebo plus chemotherapy,c2-p0079,6.732928679817905,0.5583941605839415,235.0,127.0
2,Placebo plus chemotherapy,c2-p0080,6.810318664643399,0.5547445255474452,236.0,128.0
2,Placebo plus chemotherapy,c2-p0081,6.887708649468892,0.5547445255474452,237.0,128.0
2,Placebo plus chemotherapy,c2-p0082,6.965098634294384,0.5547445255474452,238.0,128.0
2,Placebo plus chemotherapy,c2-p0083,7.0424886191198794,0.5547445255474452,239.0,128.0
2,Placebo plus chemotherapy,c2-p0084,7.119878603945373,0.5547445255474452,240.0,128.0
2,Placebo plus chemotherapy,c2-p0085,7.197268588770865,0.5547445255474452,241.0,128.0
2,Placebo plus chemotherapy,c2-p0086,7.2746585735963585,0.5437956204379563,242.0,131.0
2,Placebo plus chemotherapy,c2-p0087,7.352048558421852,0.5437956204379563,243.0,131.0
2,Placebo plus chemotherapy,c2-p0088,7.429438543247345,0.5437956204379563,244.0,131.0
2,Placebo plus chemotherapy,c2-p0089,7.5068285280728375,0.5437956204379563,245.0,131.0
2,Placebo plus chemotherapy,c2-p0090,7.584218512898331,0.5437956204379563,246.0,131.0
2,Placebo plus chemotherapy,c2-p0091,7.661608497723824,0.5401459854014599,247.0,132.0
2,Placebo plus chemotherapy,c2-p0092,7.738998482549317,0.5364963503649635,248.0,133.0
2,Placebo plus chemotherapy,c2-p0093,7.81638846737481,0.46715328467153283,249.0,152.0
2,Placebo plus chemotherapy,c2-p0094,7.893778452200303,0.46715328467153283,250.0,151.0
2,Placebo plus chemotherapy,c2-p0095,7.9711684370257965,0.46715328467153283,251.0,151.0
2,Placebo plus chemotherapy,c2-p0096,8.04855842185129,0.46715328467153283,252.0,151.0
2,Placebo plus chemotherapy,c2-p0097,8.125948406676782,0.46715328467153283,253.0,151.0
2,Placebo plus chemotherapy,c2-p0098,8.203338391502276,0.46715328467153283,254.0,152.0
2,Placebo plus chemotherapy,c2-p0099,8.280728376327769,0.4635036496350365,255.0,153.0
2,Placebo plus chemotherapy,c2-p0100,8.358118361153263,0.3978102189781022,256.0,171.0
2,Placebo plus chemotherapy,c2-p0101,8.435508345978755,0.3978102189781022,257.0,171.0
2,Placebo plus chemotherapy,c2-p0102,8.51289833080425,0.3284671532846716,258.0,190.0
2,Placebo plus chemotherapy,c2-p0103,8.590288315629742,0.2883211678832117,259.0,201.0
2,Placebo plus chemotherapy,c2-p0104,8.667678300455236,0.27737226277372257,260.0,204.0
2,Placebo plus chemotherapy,c2-p0105,8.745068285280729,0.2737226277372264,261.0,205.0
2,Placebo plus chemotherapy,c2-p0106,8.822458270106221,0.2737226277372264,262.0,205.0
2,Placebo plus chemotherapy,c2-p0107,8.899848254931715,0.2737226277372264,263.0,205.0
2,Placebo plus chemotherapy,c2-p0108,8.977238239757208,0.2737226277372264,264.0,205.0
2,Placebo plus chemotherapy,c2-p0109,9.0546282245827,0.2737226277372264,265.0,205.0
2,Placebo plus chemotherapy,c2-p0110,9.132018209408194,0.2737226277372264,266.0,205.0
2,Placebo plus chemotherapy,c2-p0111,9.209408194233687,0.2664233576642336,267.0,207.0
2,Placebo plus chemotherapy,c2-p0112,9.286798179059181,0.2664233576642336,268.0,207.0
2,Placebo plus chemotherapy,c2-p0113,9.364188163884673,0.2664233576642336,269.0,207.0
2,Placebo plus chemotherapy,c2-p0114,9.441578148710166,0.2664233576642336,270.0,207.0
2,Placebo plus chemotherapy,c2-p0115,9.51896813353566,0.2664233576642336,271.0,207.0
2,Placebo plus chemotherapy,c2-p0116,9.596358118361154,0.2664233576642336,272.0,207.0
2,Placebo plus chemotherapy,c2-p0117,9.673748103186647,0.2664233576642336,273.0,207.0
2,Placebo plus chemotherapy,c2-p0118,9.75113808801214,0.2664233576642336,274.0,207.0
2,Placebo plus chemotherapy,c2-p0119,9.828528072837633,0.2664233576642336,275.0,207.0
2,Placebo plus chemotherapy,c2-p0120,9.905918057663126,0.2664233576642336,276.0,207.0
2,Placebo plus chemotherapy,c2-p0121,9.98330804248862,0.2664233576642336,277.0,207.0
2,Placebo plus chemotherapy,c2-p0122,10.060698027314112,0.2591240875912408,278.0,209.0
2,Placebo plus chemotherapy,c2-p0123,10.138088012139605,0.2591240875912408,279.0,209.0
2,Placebo plus chemotherapy,c2-p0124,10.215477996965099,0.24087591240875925,280.0,214.0
2,Placebo plus chemotherapy,c2-p0125,10.292867981790591,0.23722627737226276,281.0,215.0
2,Placebo plus chemotherapy,c2-p0126,10.370257966616085,0.21167883211678828,282.0,222.0
2,Placebo plus chemotherapy,c2-p0127,10.447647951441578,0.19708029197080293,283.0,226.0
2,Placebo plus chemotherapy,c2-p0128,10.52503793626707,0.19708029197080293,284.0,226.0
2,Placebo plus chemotherapy,c2-p0129,10.602427921092564,0.19708029197080293,285.0,226.0
2,Placebo plus chemotherapy,c2-p0130,10.679817905918057,0.18248175182481746,286.0,230.0
2,Placebo plus chemotherapy,c2-p0131,10.757207890743551,0.18248175182481746,287.0,230.0
2,Placebo plus chemotherapy,c2-p0132,10.834597875569044,0.18248175182481746,288.0,230.0
2,Placebo plus chemotherapy,c2-p0133,10.911987860394538,0.18248175182481746,289.0,230.0
2,Placebo plus chemotherapy,c2-p0134,10.98937784522003,0.18248175182481746,290.0,230.0
2,Placebo plus chemotherapy,c2-p0135,11.066767830045524,0.18248175182481746,291.0,230.0
2,Placebo plus chemotherapy,c2-p0136,11.144157814871017,0.18248175182481746,292.0,230.0
2,Placebo plus chemotherapy,c2-p0137,11.221547799696511,0.18248175182481746,293.0,230.0
2,Placebo plus chemotherapy,c2-p0138,11.298937784522003,0.18248175182481746,294.0,230.0
2,Placebo plus chemotherapy,c2-p0139,11.376327769347496,0.18248175182481746,295.0,230.0
2,Placebo plus chemotherapy,c2-p0140,11.45371775417299,0.18248175182481746,296.0,230.0
2,Placebo plus chemotherapy,c2-p0141,11.531107738998482,0.18248175182481746,297.0,230.0
2,Placebo plus chemotherapy,c2-p0142,11.608497723823975,0.17518248175182477,298.0,232.0
2,Placebo plus chemotherapy,c2-p0143,11.685887708649469,0.17518248175182477,299.0,232.0
2,Placebo plus chemotherapy,c2-p0144,11.763277693474961,0.17518248175182477,300.0,232.0
2,Placebo plus chemotherapy,c2-p0145,11.840667678300456,0.17518248175182477,301.0,232.0
2,Placebo plus chemotherapy,c2-p0146,11.918057663125948,0.17518248175182477,302.0,232.0
2,Placebo plus chemotherapy,c2-p0147,11.99544764795144,0.17518248175182477,303.0,232.0
2,Placebo plus chemotherapy,c2-p0148,12.072837632776935,0.1678832116788321,304.0,234.0
2,Placebo plus chemotherapy,c2-p0149,12.150227617602429,0.1642335766423358,305.0,235.0
2,Placebo plus chemotherapy,c2-p0150,12.227617602427921,0.1459854014598541,306.0,240.0
2,Placebo plus chemotherapy,c2-p0151,12.305007587253415,0.1459854014598541,307.0,240.0
2,Placebo plus chemotherapy,c2-p0152,12.382397572078908,0.1459854014598541,308.0,240.0
2,Placebo plus chemotherapy,c2-p0153,12.4597875569044,0.12043795620437962,309.0,247.0
2,Placebo plus chemotherapy,c2-p0154,12.537177541729895,0.12043795620437962,310.0,247.0
2,Placebo plus chemotherapy,c2-p0155,12.614567526555387,0.12043795620437962,311.0,247.0
2,Placebo plus chemotherapy,c2-p0156,12.69195751138088,0.10948905109489047,312.0,250.0
2,Placebo plus chemotherapy,c2-p0157,12.769347496206374,0.1021897810218978,313.0,252.0
2,Placebo plus chemotherapy,c2-p0158,12.846737481031866,0.1021897810218978,314.0,252.0
2,Placebo plus chemotherapy,c2-p0159,12.92412746585736,0.1021897810218978,315.0,252.0
2,Placebo plus chemotherapy,c2-p0160,13.001517450682853,0.1021897810218978,316.0,252.0
2,Placebo plus chemotherapy,c2-p0161,13.078907435508345,0.1021897810218978,317.0,252.0
2,Placebo plus chemotherapy,c2-p0162,13.15629742033384,0.1021897810218978,318.0,252.0
2,Placebo plus chemotherapy,c2-p0163,13.233687405159332,0.1021897810218978,319.0,252.0
2,Placebo plus chemotherapy,c2-p0164,13.311077389984824,0.1021897810218978,320.0,252.0
2,Placebo plus chemotherapy,c2-p0165,13.388467374810318,0.1021897810218978,321.0,252.0
2,Placebo plus chemotherapy,c2-p0166,13.46585735963581,0.1021897810218978,322.0,252.0
2,Placebo plus chemotherapy,c2-p0167,13.543247344461305,0.1021897810218978,323.0,252.0
2,Placebo plus chemotherapy,c2-p0168,13.620637329286797,0.1021897810218978,324.0,252.0
2,Placebo plus chemotherapy,c2-p0169,13.69802731411229,0.1021897810218978,325.0,252.0
2,Placebo plus chemotherapy,c2-p0170,13.775417298937784,0.1021897810218978,326.0,252.0
2,Placebo plus chemotherapy,c2-p0171,13.852807283763276,0.1021897810218978,327.0,252.0
2,Placebo plus chemotherapy,c2-p0172,13.930197268588769,0.1021897810218978,328.0,252.0
2,Placebo plus chemotherapy,c2-p0173,14.007587253414263,0.1021897810218978,329.0,252.0
2,Placebo plus chemotherapy,c2-p0174,14.084977238239759,0.1021897810218978,330.0,252.0
2,Placebo plus chemotherapy,c2-p0175,14.162367223065251,0.1021897810218978,331.0,252.0
2,Placebo plus chemotherapy,c2-p0176,14.239757207890746,0.1021897810218978,332.0,252.0
2,Placebo plus chemotherapy,c2-p0177,14.317147192716238,0.1021897810218978,333.0,252.0
2,Placebo plus chemotherapy,c2-p0178,14.39453717754173,0.1021897810218978,334.0,252.0
2,Placebo plus chemotherapy,c2-p0179,14.471927162367225,0.1021897810218978,335.0,252.0
2,Placebo plus chemotherapy,c2-p0180,14.549317147192717,0.1021897810218978,336.0,252.0
2,Placebo plus chemotherapy,c2-p0181,14.62670713201821,0.1021897810218978,337.0,252.0
2,Placebo plus chemotherapy,c2-p0182,14.704097116843704,0.1021897810218978,338.0,252.0
2,Placebo plus chemotherapy,c2-p0183,14.781487101669196,0.09854014598540146,339.0,253.0
2,Placebo plus chemotherapy,c2-p0184,14.85887708649469,0.09854014598540146,340.0,253.0
2,Placebo plus chemotherapy,c2-p0185,14.936267071320183,0.09854014598540146,341.0,253.0
2,Placebo plus chemotherapy,c2-p0186,15.013657056145675,0.09854014598540146,342.0,253.0
2,Placebo plus chemotherapy,c2-p0187,15.09104704097117,0.09854014598540146,343.0,253.0
2,Placebo plus chemotherapy,c2-p0188,15.168437025796662,0.09854014598540146,344.0,253.0
2,Placebo plus chemotherapy,c2-p0189,15.245827010622154,0.09489051094890513,345.0,254.0
2,Placebo plus chemotherapy,c2-p0190,15.323216995447648,0.09489051094890513,346.0,254.0
2,Placebo plus chemotherapy,c2-p0191,15.40060698027314,0.08029197080291965,347.0,258.0
2,Placebo plus chemotherapy,c2-p0192,15.477996965098635,0.08029197080291965,348.0,258.0
2,Placebo plus chemotherapy,c2-p0193,15.555386949924127,0.08029197080291965,349.0,258.0
2,Placebo plus chemotherapy,c2-p0194,15.63277693474962,0.08029197080291965,350.0,258.0
2,Placebo plus chemotherapy,c2-p0195,15.710166919575114,0.08029197080291965,351.0,258.0
2,Placebo plus chemotherapy,c2-p0196,15.787556904400606,0.08029197080291965,352.0,258.0
2,Placebo plus chemotherapy,c2-p0197,15.864946889226099,0.08029197080291965,353.0,258.0
2,Placebo plus chemotherapy,c2-p0198,15.942336874051593,0.08029197080291965,354.0,258.0
2,Placebo plus chemotherapy,c2-p0199,16.019726858877085,0.08029197080291965,355.0,258.0
2,Placebo plus chemotherapy,c2-p0200,16.09711684370258,0.08029197080291965,356.0,258.0
2,Placebo plus chemotherapy,c2-p0201,16.17450682852807,0.08029197080291965,357.0,258.0
2,Placebo plus chemotherapy,c2-p0202,16.251896813353564,0.08029197080291965,358.0,258.0
2,Placebo plus chemotherapy,c2-p0203,16.32928679817906,0.08029197080291965,359.0,258.0
2,Placebo plus chemotherapy,c2-p0204,16.406676783004553,0.08029197080291965,360.0,258.0
2,Placebo plus chemotherapy,c2-p0205,16.484066767830043,0.08029197080291965,361.0,258.0
2,Placebo plus chemotherapy,c2-p0206,16.561456752655538,0.08029197080291965,362.0,258.0
2,Placebo plus chemotherapy,c2-p0207,16.638846737481032,0.08029197080291965,363.0,258.0
2,Placebo plus chemotherapy,c2-p0208,16.716236722306526,0.08029197080291965,364.0,258.0
2,Placebo plus chemotherapy,c2-p0209,16.79362670713202,0.08029197080291965,365.0,258.0
2,Placebo plus chemotherapy,c2-p0210,16.87101669195751,0.08029197080291965,366.0,258.0
2,Placebo plus chemotherapy,c2-p0211,16.948406676783005,0.08029197080291965,367.0,258.0
2,Placebo plus chemotherapy,c2-p0212,17.0257966616085,0.08029197080291965,368.0,258.0
2,Placebo plus chemotherapy,c2-p0213,17.103186646433993,0.08029197080291965,369.0,258.0
2,Placebo plus chemotherapy,c2-p0214,17.180576631259484,0.08029197080291965,370.0,258.0
2,Placebo plus chemotherapy,c2-p0215,17.25796661608498,0.08029197080291965,371.0,258.0
2,Placebo plus chemotherapy,c2-p0216,17.335356600910472,0.08029197080291965,372.0,258.0
2,Placebo plus chemotherapy,c2-p0217,17.412746585735963,0.08029197080291965,373.0,258.0
2,Placebo plus chemotherapy,c2-p0218,17.490136570561457,0.08029197080291965,374.0,258.0
2,Placebo plus chemotherapy,c2-p0219,17.56752655538695,0.08029197080291965,375.0,258.0
2,Placebo plus chemotherapy,c2-p0220,17.644916540212442,0.08029197080291965,376.0,258.0
2,Placebo plus chemotherapy,c2-p0221,17.722306525037936,0.08029197080291965,377.0,258.0
2,Placebo plus chemotherapy,c2-p0222,17.79969650986343,0.08029197080291965,378.0,258.0
2,Placebo plus chemotherapy,c2-p0223,17.87708649468892,0.08029197080291965,379.0,258.0
2,Placebo plus chemotherapy,c2-p0224,17.954476479514415,0.08029197080291965,380.0,258.0
2,Placebo plus chemotherapy,c2-p0225,18.03186646433991,0.08029197080291965,381.0,258.0
2,Placebo plus chemotherapy,c2-p0226,18.1092564491654,0.08029197080291965,382.0,258.0
2,Placebo plus chemotherapy,c2-p0227,18.186646433990894,0.08029197080291965,383.0,258.0
2,Placebo plus chemotherapy,c2-p0228,18.26403641881639,0.08029197080291965,384.0,258.0
2,Placebo plus chemotherapy,c2-p0229,18.341426403641883,0.08029197080291965,385.0,258.0
2,Placebo plus chemotherapy,c2-p0230,18.418816388467373,0.08029197080291965,386.0,258.0
2,Placebo plus chemotherapy,c2-p0231,18.496206373292868,0.08029197080291965,387.0,258.0
2,Placebo plus chemotherapy,c2-p0232,18.573596358118362,0.08029197080291965,388.0,258.0
2,Placebo plus chemotherapy,c2-p0233,18.650986342943852,0.08029197080291965,389.0,258.0
2,Placebo plus chemotherapy,c2-p0234,18.728376327769347,0.08029197080291965,390.0,258.0
2,Placebo plus chemotherapy,c2-p0235,18.80576631259484,0.08029197080291965,391.0,258.0
2,Placebo plus chemotherapy,c2-p0236,18.88315629742033,0.08029197080291965,392.0,258.0
2,Placebo plus chemotherapy,c2-p0237,18.960546282245826,0.08029197080291965,393.0,258.0
2,Placebo plus chemotherapy,c2-p0238,19.03793626707132,0.08029197080291965,394.0,258.0
2,Placebo plus chemotherapy,c2-p0239,19.11532625189681,0.08029197080291965,395.0,258.0
2,Placebo plus chemotherapy,c2-p0240,19.19271623672231,0.08029197080291965,396.0,258.0
2,Placebo plus chemotherapy,c2-p0241,19.270106221547803,0.08029197080291965,397.0,258.0
2,Placebo plus chemotherapy,c2-p0242,19.347496206373293,0.08029197080291965,398.0,258.0
2,Placebo plus chemotherapy,c2-p0243,19.424886191198787,0.08029197080291965,399.0,258.0
2,Placebo plus chemotherapy,c2-p0244,19.50227617602428,0.08029197080291965,400.0,258.0
2,Placebo plus chemotherapy,c2-p0245,19.579666160849772,0.08029197080291965,401.0,258.0
2,Placebo plus chemotherapy,c2-p0246,19.657056145675266,0.08029197080291965,402.0,258.0
2,Placebo plus chemotherapy,c2-p0247,19.73444613050076,0.08029197080291965,403.0,258.0
2,Placebo plus chemotherapy,c2-p0248,19.81183611532625,0.08029197080291965,404.0,258.0
2,Placebo plus chemotherapy,c2-p0249,19.889226100151745,0.08029197080291965,405.0,258.0
2,Placebo plus chemotherapy,c2-p0250,19.96661608497724,0.08029197080291965,406.0,258.0
2,Placebo plus chemotherapy,c2-p0251,20.04400606980273,0.08029197080291965,407.0,258.0
2,Placebo plus chemotherapy,c2-p0252,20.121396054628224,0.08029197080291965,408.0,258.0
2,Placebo plus chemotherapy,c2-p0253,20.19878603945372,0.08029197080291965,409.0,258.0
2,Placebo plus chemotherapy,c2-p0254,20.27617602427921,0.08029197080291965,410.0,258.0
2,Placebo plus chemotherapy,c2-p0255,20.353566009104703,0.08029197080291965,411.0,258.0
2,Placebo plus chemotherapy,c2-p0256,20.430955993930198,0.08029197080291965,412.0,258.0
2,Placebo plus chemotherapy,c2-p0257,20.508345978755692,0.08029197080291965,413.0,258.0
2,Placebo plus chemotherapy,c2-p0258,20.585735963581183,0.08029197080291965,414.0,258.0
2,Placebo plus chemotherapy,c2-p0259,20.663125948406677,0.08029197080291965,415.0,258.0
2,Placebo plus chemotherapy,c2-p0260,20.74051593323217,0.08029197080291965,416.0,258.0
2,Placebo plus chemotherapy,c2-p0261,20.81790591805766,0.08029197080291965,417.0,258.0
2,Placebo plus chemotherapy,c2-p0262,20.895295902883156,0.08029197080291965,418.0,258.0
2,Placebo plus chemotherapy,c2-p0263,20.97268588770865,0.08029197080291965,419.0,258.0
2,Placebo plus chemotherapy,c2-p0264,21.05007587253414,0.08029197080291965,420.0,258.0
2,Placebo plus chemotherapy,c2-p0265,21.127465857359635,0.08029197080291965,421.0,258.0
2,Placebo plus chemotherapy,c2-p0266,21.20485584218513,0.08029197080291965,422.0,258.0
2,Placebo plus chemotherapy,c2-p0267,21.28224582701062,0.08029197080291965,423.0,258.0
2,Placebo plus chemotherapy,c2-p0268,21.359635811836114,0.08029197080291965,424.0,258.0
2,Placebo plus chemotherapy,c2-p0269,21.437025796661608,0.08029197080291965,425.0,258.0
2,Placebo plus chemotherapy,c2-p0270,21.514415781487102,0.08029197080291965,426.0,258.0
2,Placebo plus chemotherapy,c2-p0271,21.591805766312593,0.08029197080291965,427.0,258.0
2,Placebo plus chemotherapy,c2-p0272,21.669195751138087,0.08029197080291965,428.0,258.0
2,Placebo plus chemotherapy,c2-p0273,21.74658573596358,0.08029197080291965,429.0,258.0
2,Placebo plus chemotherapy,c2-p0274,21.823975720789075,0.08029197080291965,430.0,258.0
2,Placebo plus chemotherapy,c2-p0275,21.90136570561457,0.08029197080291965,431.0,258.0
2,Placebo plus chemotherapy,c2-p0276,21.97875569044006,0.08029197080291965,432.0,258.0
2,Placebo plus chemotherapy,c2-p0277,22.056145675265554,0.08029197080291965,433.0,258.0
2,Placebo plus chemotherapy,c2-p0278,22.13353566009105,0.08029197080291965,434.0,258.0
2,Placebo plus chemotherapy,c2-p0279,22.21092564491654,0.08029197080291965,435.0,258.0
2,Placebo plus chemotherapy,c2-p0280,22.288315629742034,0.08029197080291965,436.0,258.0
2,Placebo plus chemotherapy,c2-p0281,22.365705614567528,0.08029197080291965,437.0,258.0
2,Placebo plus chemotherapy,c2-p0282,22.443095599393022,0.08029197080291965,438.0,258.0
2,Placebo plus chemotherapy,c2-p0283,22.520485584218513,0.08029197080291965,439.0,258.0
2,Placebo plus chemotherapy,c2-p0284,22.597875569044007,0.08029197080291965,440.0,258.0
2,Placebo plus chemotherapy,c2-p0285,22.6752655538695,0.08029197080291965,441.0,258.0
2,Placebo plus chemotherapy,c2-p0286,22.75265553869499,0.08029197080291965,442.0,258.0
2,Placebo plus chemotherapy,c2-p0287,22.830045523520486,0.08029197080291965,443.0,258.0
2,Placebo plus chemotherapy,c2-p0288,22.90743550834598,0.08029197080291965,444.0,258.0
2,Placebo plus chemotherapy,c2-p0289,22.98482549317147,0.08029197080291965,445.0,258.0
2,Placebo plus chemotherapy,c2-p0290,23.062215477996965,0.08029197080291965,446.0,258.0
2,Placebo plus chemotherapy,c2-p0291,23.13960546282246,0.08029197080291965,447.0,258.0
2,Placebo plus chemotherapy,c2-p0292,23.21699544764795,0.08029197080291965,448.0,258.0
2,Placebo plus chemotherapy,c2-p0293,23.294385432473444,0.08029197080291965,449.0,258.0
2,Placebo plus chemotherapy,c2-p0294,23.371775417298938,0.08029197080291965,450.0,258.0
2,Placebo plus chemotherapy,c2-p0295,23.44916540212443,0.08029197080291965,451.0,258.0
2,Placebo plus chemotherapy,c2-p0296,23.526555386949923,0.08029197080291965,452.0,258.0
2,Placebo plus chemotherapy,c2-p0297,23.603945371775417,0.08029197080291965,453.0,258.0
2,Placebo plus chemotherapy,c2-p0298,23.68133535660091,0.08029197080291965,454.0,258.0
2,Placebo plus chemotherapy,c2-p0299,23.758725341426402,0.08029197080291965,455.0,258.0
2,Placebo plus chemotherapy,c2-p0300,23.836115326251896,0.08029197080291965,456.0,258.0
2,Placebo plus chemotherapy,c2-p0301,23.91350531107739,0.08029197080291965,457.0,258.0
2,Placebo plus chemotherapy,c2-p0302,23.99089529590288,0.08029197080291965,458.0,258.0
2,Placebo plus chemotherapy,c2-p0303,24.068285280728375,0.08029197080291965,459.0,258.0
2,Placebo plus chemotherapy,c2-p0304,24.14567526555387,0.08029197080291965,460.0,258.0
2,Placebo plus chemotherapy,c2-p0305,24.22306525037936,0.08029197080291965,461.0,258.0
2,Placebo plus chemotherapy,c2-p0306,24.300455235204858,0.08029197080291965,462.0,258.0
2,Placebo plus chemotherapy,c2-p0307,24.377845220030352,0.08029197080291965,463.0,258.0
2,Placebo plus chemotherapy,c2-p0308,24.455235204855843,0.08029197080291965,464.0,258.0
2,Placebo plus chemotherapy,c2-p0309,24.532625189681337,0.08029197080291965,465.0,258.0
2,Placebo plus chemotherapy,c2-p0310,24.61001517450683,0.08029197080291965,466.0,258.0
2,Placebo plus chemotherapy,c2-p0311,24.68740515933232,0.08029197080291965,467.0,258.0
2,Placebo plus chemotherapy,c2-p0312,24.764795144157816,0.08029197080291965,468.0,258.0
2,Placebo plus chemotherapy,c2-p0313,24.84218512898331,0.08029197080291965,469.0,258.0
2,Placebo plus chemotherapy,c2-p0314,24.9195751138088,0.08029197080291965,470.0,258.0
2,Placebo plus chemotherapy,c2-p0315,24.996965098634295,0.08029197080291965,471.0,258.0
2,Placebo plus chemotherapy,c2-p0316,25.07435508345979,0.08029197080291965,472.0,258.0
2,Placebo plus chemotherapy,c2-p0317,25.15174506828528,0.08029197080291965,473.0,258.0
2,Placebo plus chemotherapy,c2-p0318,25.229135053110774,0.08029197080291965,474.0,258.0
2,Placebo plus chemotherapy,c2-p0319,25.306525037936268,0.08029197080291965,475.0,258.0
2,Placebo plus chemotherapy,c2-p0320,25.38391502276176,0.06934306569343064,476.0,261.0
2,Placebo plus chemotherapy,c2-p0321,25.461305007587253,0.06569343065693431,477.0,262.0
2,Placebo plus chemotherapy,c2-p0322,25.538694992412747,0.06569343065693431,478.0,262.0
2,Placebo plus chemotherapy,c2-p0323,25.61608497723824,0.06569343065693431,479.0,262.0
2,Placebo plus chemotherapy,c2-p0324,25.693474962063732,0.06569343065693431,480.0,262.0
2,Placebo plus chemotherapy,c2-p0325,25.770864946889226,0.06569343065693431,481.0,262.0
2,Placebo plus chemotherapy,c2-p0326,25.84825493171472,0.06569343065693431,482.0,262.0
2,Placebo plus chemotherapy,c2-p0327,25.92564491654021,0.06569343065693431,483.0,262.0
2,Placebo plus chemotherapy,c2-p0328,26.003034901365705,0.06569343065693431,484.0,262.0
2,Placebo plus chemotherapy,c2-p0329,26.0804248861912,0.06569343065693431,485.0,262.0
2,Placebo plus chemotherapy,c2-p0330,26.15781487101669,0.06569343065693431,486.0,262.0
2,Placebo plus chemotherapy,c2-p0331,26.235204855842184,0.06569343065693431,487.0,262.0
2,Placebo plus chemotherapy,c2-p0332,26.31259484066768,0.06569343065693431,488.0,262.0
2,Placebo plus chemotherapy,c2-p0333,26.38998482549317,0.06569343065693431,489.0,262.0
2,Placebo plus chemotherapy,c2-p0334,26.467374810318663,0.06569343065693431,490.0,262.0
2,Placebo plus chemotherapy,c2-p0335,26.544764795144157,0.06569343065693431,491.0,262.0
2,Placebo plus chemotherapy,c2-p0336,26.622154779969648,0.06569343065693431,492.0,262.0
2,Placebo plus chemotherapy,c2-p0337,26.699544764795142,0.06569343065693431,493.0,262.0
2,Placebo plus chemotherapy,c2-p0338,26.776934749620636,0.06569343065693431,494.0,262.0
2,Placebo plus chemotherapy,c2-p0339,26.85432473444613,0.06569343065693431,495.0,262.0
2,Placebo plus chemotherapy,c2-p0340,26.93171471927162,0.06569343065693431,496.0,262.0
2,Placebo plus chemotherapy,c2-p0341,27.009104704097116,0.06569343065693431,497.0,262.0
2,Placebo plus chemotherapy,c2-p0342,27.08649468892261,0.06569343065693431,498.0,262.0
2,Placebo plus chemotherapy,c2-p0343,27.1638846737481,0.06569343065693431,499.0,262.0
2,Placebo plus chemotherapy,c2-p0344,27.241274658573595,0.06569343065693431,500.0,262.0
2,Placebo plus chemotherapy,c2-p0345,27.31866464339909,0.06569343065693431,501.0,262.0
2,Placebo plus chemotherapy,c2-p0346,27.39605462822458,0.06569343065693431,502.0,262.0
2,Placebo plus chemotherapy,c2-p0347,27.473444613050074,0.06569343065693431,503.0,262.0
2,Placebo plus chemotherapy,c2-p0348,27.550834597875568,0.06569343065693431,504.0,262.0
2,Placebo plus chemotherapy,c2-p0349,27.62822458270106,0.06569343065693431,505.0,262.0
2,Placebo plus chemotherapy,c2-p0350,27.705614567526553,0.06569343065693431,506.0,262.0
2,Placebo plus chemotherapy,c2-p0351,27.783004552352047,0.06569343065693431,507.0,262.0
2,Placebo plus chemotherapy,c2-p0352,27.860394537177537,0.06569343065693431,508.0,262.0
2,Placebo plus chemotherapy,c2-p0353,27.93778452200303,0.06569343065693431,509.0,262.0
2,Placebo plus chemotherapy,c2-p0354,28.015174506828526,0.06569343065693431,510.0,262.0
2,Placebo plus chemotherapy,c2-p0355,28.092564491654024,0.06569343065693431,511.0,262.0
2,Placebo plus chemotherapy,c2-p0356,28.169954476479518,0.06569343065693431,512.0,262.0
2,Placebo plus chemotherapy,c2-p0357,28.247344461305012,0.06569343065693431,513.0,262.0
2,Placebo plus chemotherapy,c2-p0358,28.324734446130503,0.06569343065693431,514.0,262.0
2,Placebo plus chemotherapy,c2-p0359,28.402124430955997,0.06569343065693431,515.0,262.0
2,Placebo plus chemotherapy,c2-p0360,28.47951441578149,0.06569343065693431,516.0,262.0
2,Placebo plus chemotherapy,c2-p0361,28.55690440060698,0.06569343065693431,517.0,262.0
2,Placebo plus chemotherapy,c2-p0362,28.634294385432476,0.06569343065693431,518.0,262.0
2,Placebo plus chemotherapy,c2-p0363,28.71168437025797,0.06569343065693431,519.0,262.0
2,Placebo plus chemotherapy,c2-p0364,28.78907435508346,0.06569343065693431,520.0,262.0
2,Placebo plus chemotherapy,c2-p0365,28.866464339908955,0.06569343065693431,521.0,262.0
2,Placebo plus chemotherapy,c2-p0366,28.94385432473445,0.06569343065693431,522.0,262.0
2,Placebo plus chemotherapy,c2-p0367,29.02124430955994,0.06569343065693431,523.0,262.0
2,Placebo plus chemotherapy,c2-p0368,29.098634294385434,0.06569343065693431,524.0,262.0
2,Placebo plus chemotherapy,c2-p0369,29.176024279210928,0.06569343065693431,525.0,262.0
2,Placebo plus chemotherapy,c2-p0370,29.25341426403642,0.06569343065693431,526.0,262.0
2,Placebo plus chemotherapy,c2-p0371,29.330804248861913,0.06569343065693431,527.0,262.0
2,Placebo plus chemotherapy,c2-p0372,29.408194233687407,0.06569343065693431,528.0,262.0
2,Placebo plus chemotherapy,c2-p0373,29.485584218512898,0.06569343065693431,529.0,262.0
2,Placebo plus chemotherapy,c2-p0374,29.562974203338392,0.06569343065693431,530.0,262.0
2,Placebo plus chemotherapy,c2-p0375,29.640364188163886,0.06569343065693431,531.0,262.0
2,Placebo plus chemotherapy,c2-p0376,29.71775417298938,0.06569343065693431,532.0,262.0
2,Placebo plus chemotherapy,c2-p0377,29.79514415781487,0.06569343065693431,533.0,262.0
2,Placebo plus chemotherapy,c2-p0378,29.872534142640365,0.06569343065693431,534.0,262.0
2,Placebo plus chemotherapy,c2-p0379,29.94992412746586,0.06569343065693431,535.0,262.0
2,Placebo plus chemotherapy,c2-p0380,30.02731411229135,0.06569343065693431,536.0,262.0
2,Placebo plus chemotherapy,c2-p0381,30.104704097116844,0.06569343065693431,537.0,262.0
2,Placebo plus chemotherapy,c2-p0382,30.18209408194234,0.06569343065693431,538.0,262.0
2,Placebo plus chemotherapy,c2-p0383,30.25948406676783,0.06569343065693431,539.0,262.0
2,Placebo plus chemotherapy,c2-p0384,30.336874051593323,0.06569343065693431,540.0,262.0
2,Placebo plus chemotherapy,c2-p0385,30.414264036418817,0.06569343065693431,541.0,262.0
2,Placebo plus chemotherapy,c2-p0386,30.491654021244308,0.06569343065693431,542.0,262.0
2,Placebo plus chemotherapy,c2-p0387,30.569044006069802,0.06569343065693431,543.0,262.0
2,Placebo plus chemotherapy,c2-p0388,30.646433990895297,0.06569343065693431,544.0,262.0
2,Placebo plus chemotherapy,c2-p0389,30.72382397572079,0.06569343065693431,545.0,262.0
2,Placebo plus chemotherapy,c2-p0390,30.80121396054628,0.06569343065693431,546.0,262.0
2,Placebo plus chemotherapy,c2-p0391,30.878603945371776,0.06569343065693431,547.0,262.0
2,Placebo plus chemotherapy,c2-p0392,30.95599393019727,0.06569343065693431,548.0,262.0
2,Placebo plus chemotherapy,c2-p0393,31.03338391502276,0.06569343065693431,549.0,262.0
2,Placebo plus chemotherapy,c2-p0394,31.110773899848255,0.06569343065693431,550.0,262.0
2,Placebo plus chemotherapy,c2-p0395,31.18816388467375,0.06569343065693431,551.0,262.0
2,Placebo plus chemotherapy,c2-p0396,31.26555386949924,0.06569343065693431,552.0,262.0
2,Placebo plus chemotherapy,c2-p0397,31.342943854324734,0.06569343065693431,553.0,262.0
2,Placebo plus chemotherapy,c2-p0398,31.420333839150228,0.06569343065693431,554.0,262.0
2,Placebo plus chemotherapy,c2-p0399,31.49772382397572,0.06569343065693431,555.0,262.0
2,Placebo plus chemotherapy,c2-p0400,31.575113808801213,0.06569343065693431,556.0,262.0
2,Placebo plus chemotherapy,c2-p0401,31.652503793626707,0.06569343065693431,557.0,262.0
2,Placebo plus chemotherapy,c2-p0402,31.729893778452197,0.06569343065693431,558.0,262.0
2,Placebo plus chemotherapy,c2-p0403,31.80728376327769,0.06569343065693431,559.0,262.0
2,Placebo plus chemotherapy,c2-p0404,31.884673748103186,0.06569343065693431,560.0,262.0
2,Placebo plus chemotherapy,c2-p0405,31.962063732928677,0.06569343065693431,561.0,262.0
2,Placebo plus chemotherapy,c2-p0406,32.03945371775417,0.06569343065693431,562.0,262.0
2,Placebo plus chemotherapy,c2-p0407,32.116843702579665,0.06569343065693431,563.0,262.0
2,Placebo plus chemotherapy,c2-p0408,32.19423368740516,0.06569343065693431,564.0,262.0
2,Placebo plus chemotherapy,c2-p0409,32.27162367223065,0.06569343065693431,565.0,262.0
2,Placebo plus chemotherapy,c2-p0410,32.34901365705614,0.06569343065693431,566.0,262.0
2,Placebo plus chemotherapy,c2-p0411,32.426403641881635,0.06569343065693431,567.0,262.0
2,Placebo plus chemotherapy,c2-p0412,32.50379362670713,0.06569343065693431,568.0,262.0
2,Placebo plus chemotherapy,c2-p0413,32.58118361153262,0.06569343065693431,569.0,262.0
2,Placebo plus chemotherapy,c2-p0414,32.65857359635812,0.06569343065693431,570.0,262.0
2,Placebo plus chemotherapy,c2-p0415,32.73596358118361,0.06569343065693431,571.0,262.0
2,Placebo plus chemotherapy,c2-p0416,32.813353566009106,0.06569343065693431,572.0,262.0
2,Placebo plus chemotherapy,c2-p0417,32.89074355083459,0.06569343065693431,573.0,262.0
2,Placebo plus chemotherapy,c2-p0418,32.96813353566009,0.06569343065693431,574.0,262.0
2,Placebo plus chemotherapy,c2-p0419,33.04552352048558,0.06569343065693431,575.0,262.0
2,Placebo plus chemotherapy,c2-p0420,33.122913505311075,0.06569343065693431,576.0,262.0
2,Placebo plus chemotherapy,c2-p0421,33.20030349013658,0.06569343065693431,577.0,262.0
2,Placebo plus chemotherapy,c2-p0422,33.277693474962064,0.06569343065693431,578.0,262.0
2,Placebo plus chemotherapy,c2-p0423,33.35508345978756,0.06569343065693431,579.0,262.0
2,Placebo plus chemotherapy,c2-p0424,33.43247344461305,0.06569343065693431,580.0,262.0
2,Placebo plus chemotherapy,c2-p0425,33.509863429438546,0.06569343065693431,581.0,262.0
2,Placebo plus chemotherapy,c2-p0426,33.58725341426404,0.06569343065693431,582.0,262.0
2,Placebo plus chemotherapy,c2-p0427,33.664643399089535,0.06569343065693431,583.0,262.0
2,Placebo plus chemotherapy,c2-p0428,33.74203338391502,0.06569343065693431,584.0,262.0
2,Placebo plus chemotherapy,c2-p0429,33.819423368740516,0.06569343065693431,585.0,262.0
2,Placebo plus chemotherapy,c2-p0430,33.89681335356601,0.06569343065693431,586.0,262.0
2,Placebo plus chemotherapy,c2-p0431,33.974203338391504,0.06569343065693431,587.0,262.0
2,Placebo plus chemotherapy,c2-p0432,34.051593323217,0.06569343065693431,588.0,262.0
2,Placebo plus chemotherapy,c2-p0433,34.12898330804249,0.06569343065693431,589.0,262.0
2,Placebo plus chemotherapy,c2-p0434,34.20637329286799,0.06569343065693431,590.0,262.0
2,Placebo plus chemotherapy,c2-p0435,34.283763277693474,0.06569343065693431,591.0,262.0
2,Placebo plus chemotherapy,c2-p0436,34.36115326251897,0.06569343065693431,592.0,262.0
2,Placebo plus chemotherapy,c2-p0437,34.43854324734446,0.06569343065693431,593.0,262.0
2,Placebo plus chemotherapy,c2-p0438,34.51593323216996,0.06569343065693431,594.0,262.0
2,Placebo plus chemotherapy,c2-p0439,34.59332321699545,0.06569343065693431,595.0,262.0
2,Placebo plus chemotherapy,c2-p0440,34.670713201820945,0.06569343065693431,596.0,262.0
2,Placebo plus chemotherapy,c2-p0441,34.74810318664643,0.06569343065693431,597.0,262.0
2,Placebo plus chemotherapy,c2-p0442,34.825493171471926,0.06569343065693431,598.0,262.0
2,Placebo plus chemotherapy,c2-p0443,34.90288315629742,0.06569343065693431,599.0,262.0
2,Placebo plus chemotherapy,c2-p0444,34.980273141122915,0.06569343065693431,600.0,262.0
2,Placebo plus chemotherapy,c2-p0445,35.05766312594841,0.06569343065693431,601.0,262.0
2,Placebo plus chemotherapy,c2-p0446,35.1350531107739,0.06569343065693431,602.0,262.0
2,Placebo plus chemotherapy,c2-p0447,35.21244309559939,0.06569343065693431,603.0,262.0
2,Placebo plus chemotherapy,c2-p0448,35.289833080424884,0.06569343065693431,604.0,262.0
2,Placebo plus chemotherapy,c2-p0449,35.36722306525038,0.06569343065693431,605.0,262.0
2,Placebo plus chemotherapy,c2-p0450,35.44461305007587,0.06569343065693431,606.0,262.0
2,Placebo plus chemotherapy,c2-p0451,35.52200303490137,0.06569343065693431,607.0,262.0
2,Placebo plus chemotherapy,c2-p0452,35.59939301972686,0.06569343065693431,608.0,262.0
2,Placebo plus chemotherapy,c2-p0453,35.676783004552355,0.06569343065693431,609.0,262.0
2,Placebo plus chemotherapy,c2-p0454,35.75417298937784,0.06569343065693431,610.0,262.0
2,Placebo plus chemotherapy,c2-p0455,35.83156297420334,0.06569343065693431,611.0,262.0
2,Placebo plus chemotherapy,c2-p0456,35.90895295902883,0.06569343065693431,612.0,262.0
2,Placebo plus chemotherapy,c2-p0457,35.986342943854325,0.06204379562043798,613.0,263.0
2,Placebo plus chemotherapy,c2-p0458,36.06373292867982,0.05839416058394164,614.0,264.0
2,Placebo plus chemotherapy,c2-p0459,36.14112291350531,0.05839416058394164,615.0,264.0
2,Placebo plus chemotherapy,c2-p0460,36.2185128983308,0.05839416058394164,616.0,264.0
2,Placebo plus chemotherapy,c2-p0461,36.295902883156295,0.05839416058394164,617.0,264.0
2,Placebo plus chemotherapy,c2-p0462,36.37329286798179,0.05839416058394164,618.0,263.0
2,Placebo plus chemotherapy,c2-p0463,36.45068285280728,0.05839416058394164,619.0,262.0
2,Placebo plus chemotherapy,c2-p0464,36.52807283763278,0.05839416058394164,620.0,262.0
2,Placebo plus chemotherapy,c2-p0465,36.60546282245827,0.05839416058394164,621.0,262.0
2,Placebo plus chemotherapy,c2-p0466,36.682852807283766,0.05839416058394164,622.0,262.0
2,Placebo plus chemotherapy,c2-p0467,36.76024279210925,0.05839416058394164,623.0,262.0
2,Placebo plus chemotherapy,c2-p0468,36.83763277693475,0.05839416058394164,624.0,262.0
2,Placebo plus chemotherapy,c2-p0469,36.91502276176024,0.05839416058394164,625.0,262.0
2,Placebo plus chemotherapy,c2-p0470,36.992412746585735,0.05839416058394164,626.0,262.0
2,Placebo plus chemotherapy,c2-p0471,37.06980273141123,0.05839416058394164,627.0,262.0
2,Placebo plus chemotherapy,c2-p0472,37.147192716236724,0.05839416058394164,628.0,262.0
2,Placebo plus chemotherapy,c2-p0473,37.22458270106221,0.05839416058394164,629.0,262.0
2,Placebo plus chemotherapy,c2-p0474,37.301972685887705,0.05839416058394164,630.0,262.0
2,Placebo plus chemotherapy,c2-p0475,37.3793626707132,0.05839416058394164,631.0,262.0
2,Placebo plus chemotherapy,c2-p0476,37.45675265553869,0.05839416058394164,632.0,262.0
2,Placebo plus chemotherapy,c2-p0477,37.53414264036419,0.05839416058394164,633.0,262.0
2,Placebo plus chemotherapy,c2-p0478,37.61153262518968,0.05839416058394164,634.0,262.0
2,Placebo plus chemotherapy,c2-p0479,37.68892261001517,0.05839416058394164,635.0,262.0
2,Placebo plus chemotherapy,c2-p0480,37.76631259484066,0.05839416058394164,636.0,262.0
2,Placebo plus chemotherapy,c2-p0481,37.84370257966616,0.05839416058394164,637.0,262.0
2,Placebo plus chemotherapy,c2-p0482,37.92109256449165,0.05839416058394164,638.0,262.0
2,Placebo plus chemotherapy,c2-p0483,37.998482549317146,0.05839416058394164,639.0,262.0
2,Placebo plus chemotherapy,c2-p0484,38.07587253414264,0.05839416058394164,640.0,262.0
2,Placebo plus chemotherapy,c2-p0485,38.153262518968134,0.05839416058394164,641.0,262.0
2,Placebo plus chemotherapy,c2-p0486,38.23065250379362,0.05839416058394164,642.0,262.0
2,Placebo plus chemotherapy,c2-p0487,38.30804248861912,0.05839416058394164,643.0,262.0
2,Placebo plus chemotherapy,c2-p0488,38.38543247344462,0.05839416058394164,644.0,262.0
2,Placebo plus chemotherapy,c2-p0489,38.46282245827011,0.05839416058394164,645.0,262.0
2,Placebo plus chemotherapy,c2-p0490,38.540212443095605,0.05839416058394164,646.0,262.0
2,Placebo plus chemotherapy,c2-p0491,38.61760242792109,0.05839416058394164,647.0,262.0
2,Placebo plus chemotherapy,c2-p0492,38.694992412746586,0.05839416058394164,648.0,262.0
2,Placebo plus chemotherapy,c2-p0493,38.77238239757208,0.05839416058394164,649.0,262.0
2,Placebo plus chemotherapy,c2-p0494,38.849772382397575,0.05839416058394164,650.0,262.0
2,Placebo plus chemotherapy,c2-p0495,38.92716236722307,0.05839416058394164,651.0,263.0
2,Placebo plus chemotherapy,c2-p0496,39.00455235204856,0.05839416058394164,652.0,263.0
2,Placebo plus chemotherapy,c2-p0497,39.08194233687405,0.05839416058394164,653.0,264.0
2,Placebo plus chemotherapy,c2-p0498,39.159332321699544,0.05839416058394164,654.0,264.0
2,Placebo plus chemotherapy,c2-p0499,39.23672230652504,0.05839416058394164,655.0,264.0
2,Placebo plus chemotherapy,c2-p0500,39.31411229135053,0.05839416058394164,656.0,263.0
2,Placebo plus chemotherapy,c2-p0501,39.39150227617603,0.05839416058394164,657.0,262.0
2,Placebo plus chemotherapy,c2-p0502,39.46889226100152,0.05839416058394164,658.0,262.0
2,Placebo plus chemotherapy,c2-p0503,39.546282245827015,0.05839416058394164,659.0,262.0
2,Placebo plus chemotherapy,c2-p0504,39.6236722306525,0.05839416058394164,660.0,262.0
2,Placebo plus chemotherapy,c2-p0505,39.701062215478,0.05839416058394164,661.0,262.0
2,Placebo plus chemotherapy,c2-p0506,39.77845220030349,0.05839416058394164,662.0,262.0
2,Placebo plus chemotherapy,c2-p0507,39.855842185128985,0.05839416058394164,663.0,262.0
2,Placebo plus chemotherapy,c2-p0508,39.93323216995448,0.05839416058394164,664.0,263.0
2,Placebo plus chemotherapy,c2-p0509,40.01062215477997,0.05839416058394164,665.0,264.0
2,Placebo plus chemotherapy,c2-p0510,40.08801213960546,0.05839416058394164,666.0,264.0
2,Placebo plus chemotherapy,c2-p0511,40.165402124430955,0.05839416058394164,667.0,264.0
2,Placebo plus chemotherapy,c2-p0512,40.24279210925645,0.05839416058394164,668.0,263.0
2,Placebo plus chemotherapy,c2-p0513,40.32018209408194,0.05839416058394164,669.0,263.0
2,Placebo plus chemotherapy,c2-p0514,40.39757207890744,0.05839416058394164,670.0,262.0
2,Placebo plus chemotherapy,c2-p0515,40.47496206373293,0.05839416058394164,671.0,262.0
2,Placebo plus chemotherapy,c2-p0516,40.55235204855842,0.05839416058394164,672.0,262.0
2,Placebo plus chemotherapy,c2-p0517,40.62974203338391,0.05839416058394164,673.0,262.0
2,Placebo plus chemotherapy,c2-p0518,40.70713201820941,0.05839416058394164,674.0,262.0
2,Placebo plus chemotherapy,c2-p0519,40.7845220030349,0.05839416058394164,675.0,262.0
2,Placebo plus chemotherapy,c2-p0520,40.861911987860395,0.05839416058394164,676.0,262.0
2,Placebo plus chemotherapy,c2-p0521,40.93930197268589,0.05839416058394164,677.0,262.0
2,Placebo plus chemotherapy,c2-p0522,41.016691957511384,0.05839416058394164,678.0,262.0
2,Placebo plus chemotherapy,c2-p0523,41.09408194233687,0.05839416058394164,679.0,262.0
2,Placebo plus chemotherapy,c2-p0524,41.171471927162365,0.05839416058394164,680.0,262.0
2,Placebo plus chemotherapy,c2-p0525,41.24886191198786,0.05839416058394164,681.0,262.0
2,Placebo plus chemotherapy,c2-p0526,41.32625189681335,0.05839416058394164,682.0,262.0
2,Placebo plus chemotherapy,c2-p0527,41.40364188163885,0.05839416058394164,683.0,262.0
2,Placebo plus chemotherapy,c2-p0528,41.48103186646434,0.05839416058394164,684.0,262.0
2,Placebo plus chemotherapy,c2-p0529,41.55842185128983,0.05839416058394164,685.0,262.0
2,Placebo plus chemotherapy,c2-p0530,41.63581183611532,0.05839416058394164,686.0,262.0
2,Placebo plus chemotherapy,c2-p0531,41.71320182094082,0.05839416058394164,687.0,262.0
2,Placebo plus chemotherapy,c2-p0532,41.79059180576631,0.05839416058394164,688.0,262.0
2,Placebo plus chemotherapy,c2-p0533,41.867981790591806,0.05839416058394164,689.0,262.0
2,Placebo plus chemotherapy,c2-p0534,41.9453717754173,0.05839416058394164,690.0,262.0
2,Placebo plus chemotherapy,c2-p0535,42.022761760242794,0.05839416058394164,691.0,262.0
2,Placebo plus chemotherapy,c2-p0536,42.10015174506828,0.05839416058394164,692.0,262.0
2,Placebo plus chemotherapy,c2-p0537,42.177541729893775,0.05839416058394164,693.0,262.0
2,Placebo plus chemotherapy,c2-p0538,42.25493171471927,0.05839416058394164,694.0,262.0
2,Placebo plus chemotherapy,c2-p0539,42.332321699544764,0.05839416058394164,695.0,262.0
2,Placebo plus chemotherapy,c2-p0540,42.40971168437026,0.05839416058394164,696.0,262.0
2,Placebo plus chemotherapy,c2-p0541,42.48710166919575,0.05839416058394164,697.0,262.0
2,Placebo plus chemotherapy,c2-p0542,42.56449165402124,0.05839416058394164,698.0,262.0
2,Placebo plus chemotherapy,c2-p0543,42.64188163884673,0.05839416058394164,699.0,262.0
2,Placebo plus chemotherapy,c2-p0544,42.71927162367223,0.05839416058394164,700.0,262.0
2,Placebo plus chemotherapy,c2-p0545,42.79666160849772,0.05839416058394164,701.0,262.0
2,Placebo plus chemotherapy,c2-p0546,42.874051593323216,0.05839416058394164,702.0,262.0
2,Placebo plus chemotherapy,c2-p0547,42.95144157814871,0.05839416058394164,703.0,262.0
2,Placebo plus chemotherapy,c2-p0548,43.028831562974204,0.05839416058394164,704.0,262.0
2,Placebo plus chemotherapy,c2-p0549,43.10622154779969,0.05839416058394164,705.0,262.0
2,Placebo plus chemotherapy,c2-p0550,43.183611532625186,0.05839416058394164,706.0,262.0
2,Placebo plus chemotherapy,c2-p0551,43.26100151745068,0.05839416058394164,707.0,262.0
2,Placebo plus chemotherapy,c2-p0552,43.338391502276174,0.05839416058394164,708.0,262.0
2,Placebo plus chemotherapy,c2-p0553,43.415781487101675,0.05839416058394164,709.0,262.0
2,Placebo plus chemotherapy,c2-p0554,43.49317147192716,0.05839416058394164,710.0,262.0
2,Placebo plus chemotherapy,c2-p0555,43.57056145675266,0.05839416058394164,711.0,262.0
2,Placebo plus chemotherapy,c2-p0556,43.64795144157815,0.05839416058394164,712.0,262.0
2,Placebo plus chemotherapy,c2-p0557,43.725341426403645,0.05839416058394164,713.0,262.0
2,Placebo plus chemotherapy,c2-p0558,43.80273141122914,0.05839416058394164,714.0,262.0
2,Placebo plus chemotherapy,c2-p0559,43.88012139605463,0.05839416058394164,715.0,262.0
2,Placebo plus chemotherapy,c2-p0560,43.95751138088012,0.05839416058394164,716.0,262.0
2,Placebo plus chemotherapy,c2-p0561,44.034901365705615,0.05839416058394164,717.0,262.0
2,Placebo plus chemotherapy,c2-p0562,44.11229135053111,0.05839416058394164,718.0,262.0
2,Placebo plus chemotherapy,c2-p0563,44.1896813353566,0.05839416058394164,719.0,262.0
2,Placebo plus chemotherapy,c2-p0564,44.2670713201821,0.05839416058394164,720.0,262.0
2,Placebo plus chemotherapy,c2-p0565,44.34446130500759,0.05839416058394164,721.0,262.0
2,Placebo plus chemotherapy,c2-p0566,44.42185128983308,0.05839416058394164,722.0,262.0
2,Placebo plus chemotherapy,c2-p0567,44.49924127465857,0.05839416058394164,723.0,262.0
2,Placebo plus chemotherapy,c2-p0568,44.57663125948407,0.05839416058394164,724.0,262.0
2,Placebo plus chemotherapy,c2-p0569,44.65402124430956,0.05839416058394164,725.0,262.0
2,Placebo plus chemotherapy,c2-p0570,44.731411229135055,0.05839416058394164,726.0,262.0
2,Placebo plus chemotherapy,c2-p0571,44.80880121396055,0.05839416058394164,727.0,262.0
2,Placebo plus chemotherapy,c2-p0572,44.886191198786044,0.05839416058394164,728.0,262.0
2,Placebo plus chemotherapy,c2-p0573,44.96358118361153,0.05839416058394164,729.0,262.0
2,Placebo plus chemotherapy,c2-p0574,45.040971168437025,0.05839416058394164,730.0,262.0
2,Placebo plus chemotherapy,c2-p0575,45.11836115326252,0.05839416058394164,731.0,262.0
2,Placebo plus chemotherapy,c2-p0576,45.19575113808801,0.05839416058394164,732.0,262.0
2,Placebo plus chemotherapy,c2-p0577,45.27314112291351,0.05839416058394164,733.0,262.0
2,Placebo plus chemotherapy,c2-p0578,45.350531107739,0.05839416058394164,734.0,262.0
2,Placebo plus chemotherapy,c2-p0579,45.42792109256449,0.05839416058394164,735.0,262.0
2,Placebo plus chemotherapy,c2-p0580,45.50531107738998,0.05839416058394164,736.0,262.0
2,Placebo plus chemotherapy,c2-p0581,45.58270106221548,0.05839416058394164,737.0,262.0
2,Placebo plus chemotherapy,c2-p0582,45.66009104704097,0.05839416058394164,738.0,262.0
2,Placebo plus chemotherapy,c2-p0583,45.737481031866466,0.05839416058394164,739.0,262.0
2,Placebo plus chemotherapy,c2-p0584,45.81487101669196,0.05839416058394164,740.0,262.0
2,Placebo plus chemotherapy,c2-p0585,45.892261001517454,0.05839416058394164,741.0,262.0
2,Placebo plus chemotherapy,c2-p0586,45.96965098634294,0.05839416058394164,742.0,262.0
2,Placebo plus chemotherapy,c2-p0587,46.047040971168435,0.05839416058394164,743.0,262.0
2,Placebo plus chemotherapy,c2-p0588,46.12443095599393,0.05839416058394164,744.0,262.0
2,Placebo plus chemotherapy,c2-p0589,46.201820940819424,0.05839416058394164,745.0,262.0
2,Placebo plus chemotherapy,c2-p0590,46.27921092564492,0.05839416058394164,746.0,262.0
2,Placebo plus chemotherapy,c2-p0591,46.35660091047041,0.05839416058394164,747.0,262.0
2,Placebo plus chemotherapy,c2-p0592,46.4339908952959,0.05839416058394164,748.0,262.0
2,Placebo plus chemotherapy,c2-p0593,46.51138088012139,0.0474452554744525,749.0,267.0
2,Placebo plus chemotherapy,c2-p0594,46.58877086494689,0.0474452554744525,750.0,266.0
2,Placebo plus chemotherapy,c2-p0595,46.66616084977238,0.0474452554744525,751.0,264.0
2,Placebo plus chemotherapy,c2-p0596,46.743550834597876,0.0474452554744525,752.0,264.0
2,Placebo plus chemotherapy,c2-p0597,46.82094081942337,0.0474452554744525,753.0,264.0
2,Placebo plus chemotherapy,c2-p0598,46.89833080424886,0.0474452554744525,754.0,264.0
2,Placebo plus chemotherapy,c2-p0599,46.97572078907435,0.0474452554744525,755.0,265.0
2,Placebo plus chemotherapy,c2-p0600,47.053110773899846,0.0474452554744525,756.0,266.0
2,Placebo plus chemotherapy,c2-p0601,47.13050075872534,0.0474452554744525,757.0,267.0
2,Placebo plus chemotherapy,c2-p0602,47.207890743550834,0.0474452554744525,758.0,267.0
2,Placebo plus chemotherapy,c2-p0603,47.28528072837633,0.0474452554744525,759.0,267.0
2,Placebo plus chemotherapy,c2-p0604,47.36267071320182,0.0474452554744525,760.0,267.0
2,Placebo plus chemotherapy,c2-p0605,47.44006069802731,0.0474452554744525,761.0,267.0
2,Placebo plus chemotherapy,c2-p0606,47.517450682852804,0.0474452554744525,762.0,267.0
2,Placebo plus chemotherapy,c2-p0607,47.5948406676783,0.0474452554744525,763.0,267.0
2,Placebo plus chemotherapy,c2-p0608,47.67223065250379,0.0474452554744525,764.0,267.0
2,Placebo plus chemotherapy,c2-p0609,47.749620637329286,0.0474452554744525,765.0,267.0
2,Placebo plus chemotherapy,c2-p0610,47.82701062215478,0.0474452554744525,766.0,267.0
2,Placebo plus chemotherapy,c2-p0611,47.90440060698027,0.0474452554744525,767.0,267.0
2,Placebo plus chemotherapy,c2-p0612,47.98179059180576,0.0474452554744525,768.0,267.0
2,Placebo plus chemotherapy,c2-p0613,48.059180576631256,0.0474452554744525,769.0,267.0
2,Placebo plus chemotherapy,c2-p0614,48.13657056145675,0.0474452554744525,770.0,267.0
2,Placebo plus chemotherapy,c2-p0615,48.213960546282244,0.0474452554744525,771.0,267.0
2,Placebo plus chemotherapy,c2-p0616,48.29135053110774,0.0474452554744525,772.0,267.0
2,Placebo plus chemotherapy,c2-p0617,48.36874051593323,0.0474452554744525,773.0,267.0
2,Placebo plus chemotherapy,c2-p0618,48.44613050075872,0.0474452554744525,774.0,267.0
2,Placebo plus chemotherapy,c2-p0619,48.52352048558422,0.0474452554744525,775.0,267.0
2,Placebo plus chemotherapy,c2-p0620,48.600910470409715,0.0474452554744525,776.0,267.0
2,Placebo plus chemotherapy,c2-p0621,48.67830045523521,0.0474452554744525,777.0,267.0
2,Placebo plus chemotherapy,c2-p0622,48.755690440060704,0.0474452554744525,778.0,267.0
2,Placebo plus chemotherapy,c2-p0623,48.83308042488619,0.0474452554744525,779.0,267.0
2,Placebo plus chemotherapy,c2-p0624,48.910470409711685,0.0474452554744525,780.0,267.0
2,Placebo plus chemotherapy,c2-p0625,48.98786039453718,0.0474452554744525,781.0,267.0
2,Placebo plus chemotherapy,c2-p0626,49.06525037936267,0.0474452554744525,782.0,267.0
2,Placebo plus chemotherapy,c2-p0627,49.14264036418817,0.0474452554744525,783.0,267.0
2,Placebo plus chemotherapy,c2-p0628,49.22003034901366,0.0474452554744525,784.0,267.0
2,Placebo plus chemotherapy,c2-p0629,49.29742033383915,0.0474452554744525,785.0,267.0
2,Placebo plus chemotherapy,c2-p0630,49.37481031866464,0.04379562043795616,786.0,268.0
2,Placebo plus chemotherapy,c2-p0631,49.45220030349014,0.040145985401459826,787.0,269.0
2,Placebo plus chemotherapy,c2-p0632,49.52959028831563,0.040145985401459826,788.0,269.0
2,Placebo plus chemotherapy,c2-p0633,49.606980273141126,0.040145985401459826,789.0,269.0
2,Placebo plus chemotherapy,c2-p0634,49.68437025796662,0.040145985401459826,790.0,269.0
2,Placebo plus chemotherapy,c2-p0635,49.76176024279211,0.040145985401459826,791.0,268.0
