curve_id,curve_name,time,survival,x_pixel,y_pixel
1,Chemoradiotherapy alone,0.0,1.0,193.0,24.0
1,Chemoradiotherapy alone,0.18206896551724136,0.9835164835164835,193.0,24.0
1,Chemoradiotherapy alone,0.3641379310344827,0.9835164835164835,194.0,26.0
1,Chemoradiotherapy alone,0.5462068965517242,0.9807692307692308,195.0,26.0
1,Chemoradiotherapy alone,0.7282758620689654,0.9807692307692308,196.0,27.0
1,Chemoradiotherapy alone,0.9103448275862069,0.9807692307692308,197.0,26.0
1,Chemoradiotherapy alone,1.0924137931034483,0.9807692307692308,198.0,27.0
1,Chemoradiotherapy alone,1.2744827586206897,0.9807692307692308,199.0,26.0
1,Chemoradiotherapy alone,1.4565517241379309,0.9807692307692308,200.0,26.0
1,Chemoradiotherapy alone,1.6386206896551723,0.978021978021978,201.0,25.0
1,Chemoradiotherapy alone,1.8206896551724139,0.978021978021978,202.0,28.0
1,Chemoradiotherapy alone,2.0027586206896553,0.978021978021978,203.0,28.0
1,Chemoradiotherapy alone,2.1848275862068967,0.978021978021978,204.0,28.0
1,Chemoradiotherapy alone,2.3668965517241376,0.978021978021978,205.0,28.0
1,Chemoradiotherapy alone,2.5489655172413794,0.9697802197802199,206.0,28.0
1,Chemoradiotherapy alone,2.731034482758621,0.9697802197802199,207.0,31.0
1,Chemoradiotherapy alone,2.9131034482758618,0.9697802197802199,208.0,31.0
1,Chemoradiotherapy alone,3.0951724137931036,0.9697802197802199,209.0,29.0
1,Chemoradiotherapy alone,3.2772413793103445,0.9697802197802199,210.0,28.0
1,Chemoradiotherapy alone,3.4593103448275864,0.9697802197802199,211.0,28.0
1,Chemoradiotherapy alone,3.6413793103448278,0.9697802197802199,212.0,28.0
1,Chemoradiotherapy alone,3.823448275862069,0.9697802197802199,213.0,28.0
1,Chemoradiotherapy alone,4.0055172413793105,0.9697802197802199,214.0,30.0
1,Chemoradiotherapy alone,4.187586206896552,0.967032967032967,215.0,31.0
1,Chemoradiotherapy alone,4.369655172413793,0.967032967032967,216.0,32.0
1,Chemoradiotherapy alone,4.551724137931035,0.967032967032967,217.0,32.0
1,Chemoradiotherapy alone,4.733793103448275,0.967032967032967,218.0,32.0
1,Chemoradiotherapy alone,4.915862068965517,0.9368131868131868,219.0,32.0
1,Chemoradiotherapy alone,5.097931034482759,0.9368131868131868,220.0,39.0
1,Chemoradiotherapy alone,5.28,0.9368131868131868,221.0,41.0
1,Chemoradiotherapy alone,5.462068965517242,0.9368131868131868,222.0,43.0
1,Chemoradiotherapy alone,5.644137931034482,0.9368131868131868,223.0,43.0
1,Chemoradiotherapy alone,5.8262068965517235,0.9313186813186813,224.0,43.0
1,Chemoradiotherapy alone,6.008275862068966,0.9313186813186813,225.0,45.0
1,Chemoradiotherapy alone,6.190344827586207,0.9313186813186813,226.0,45.0
1,Chemoradiotherapy alone,6.372413793103449,0.9258241758241758,227.0,45.0
1,Chemoradiotherapy alone,6.554482758620689,0.9258241758241758,228.0,47.0
1,Chemoradiotherapy alone,6.736551724137931,0.923076923076923,229.0,47.0
1,Chemoradiotherapy alone,6.918620689655173,0.923076923076923,230.0,48.0
1,Chemoradiotherapy alone,7.100689655172414,0.923076923076923,231.0,48.0
1,Chemoradiotherapy alone,7.2827586206896555,0.9148351648351648,232.0,48.0
1,Chemoradiotherapy alone,7.464827586206896,0.9148351648351648,233.0,51.0
1,Chemoradiotherapy alone,7.646896551724138,0.9148351648351648,234.0,51.0
1,Chemoradiotherapy alone,7.82896551724138,0.8928571428571429,235.0,51.0
1,Chemoradiotherapy alone,8.011034482758621,0.8928571428571429,236.0,53.0
1,Chemoradiotherapy alone,8.193103448275862,0.8928571428571429,237.0,55.0
1,Chemoradiotherapy alone,8.375172413793104,0.8928571428571429,238.0,59.0
1,Chemoradiotherapy alone,8.557241379310344,0.8846153846153847,239.0,59.0
1,Chemoradiotherapy alone,8.739310344827587,0.8846153846153847,240.0,60.0
1,Chemoradiotherapy alone,8.921379310344827,0.8846153846153847,241.0,62.0
1,Chemoradiotherapy alone,9.10344827586207,0.8818681318681318,242.0,62.0
1,Chemoradiotherapy alone,9.285517241379312,0.8818681318681318,243.0,63.0
1,Chemoradiotherapy alone,9.46758620689655,0.8818681318681318,244.0,63.0
1,Chemoradiotherapy alone,9.649655172413793,0.8818681318681318,245.0,63.0
1,Chemoradiotherapy alone,9.831724137931033,0.8818681318681318,246.0,63.0
1,Chemoradiotherapy alone,10.013793103448275,0.8763736263736264,247.0,63.0
1,Chemoradiotherapy alone,10.195862068965518,0.8763736263736264,248.0,65.0
1,Chemoradiotherapy alone,10.377931034482758,0.8736263736263736,249.0,65.0
1,Chemoradiotherapy alone,10.56,0.8736263736263736,250.0,66.0
1,Chemoradiotherapy alone,10.742068965517241,0.8736263736263736,251.0,66.0
1,Chemoradiotherapy alone,10.924137931034483,0.8681318681318682,252.0,66.0
1,Chemoradiotherapy alone,11.106206896551726,0.8681318681318682,253.0,68.0
1,Chemoradiotherapy alone,11.288275862068964,0.8681318681318682,254.0,68.0
1,Chemoradiotherapy alone,11.470344827586207,0.8626373626373627,255.0,68.0
1,Chemoradiotherapy alone,11.652413793103447,0.8626373626373627,256.0,70.0
1,Chemoradiotherapy alone,11.83448275862069,0.8626373626373627,257.0,70.0
1,Chemoradiotherapy alone,12.016551724137932,0.8626373626373627,258.0,69.0
1,Chemoradiotherapy alone,12.198620689655172,0.8626373626373627,259.0,69.0
1,Chemoradiotherapy alone,12.380689655172414,0.8516483516483517,260.0,69.0
1,Chemoradiotherapy alone,12.562758620689655,0.8516483516483517,261.0,71.0
1,Chemoradiotherapy alone,12.744827586206897,0.8516483516483517,262.0,72.0
1,Chemoradiotherapy alone,12.926896551724138,0.8516483516483517,263.0,73.0
1,Chemoradiotherapy alone,13.108965517241378,0.8516483516483517,264.0,74.0
1,Chemoradiotherapy alone,13.29103448275862,0.8516483516483517,265.0,74.0
1,Chemoradiotherapy alone,13.473103448275863,0.8516483516483517,266.0,74.0
1,Chemoradiotherapy alone,13.655172413793103,0.8406593406593408,267.0,74.0
1,Chemoradiotherapy alone,13.837241379310345,0.8406593406593408,268.0,78.0
1,Chemoradiotherapy alone,14.019310344827586,0.8214285714285714,269.0,78.0
1,Chemoradiotherapy alone,14.201379310344828,0.8214285714285714,270.0,83.0
1,Chemoradiotherapy alone,14.38344827586207,0.8214285714285714,271.0,84.0
1,Chemoradiotherapy alone,14.565517241379311,0.8214285714285714,272.0,85.0
1,Chemoradiotherapy alone,14.747586206896552,0.8214285714285714,273.0,85.0
1,Chemoradiotherapy alone,14.929655172413792,0.8214285714285714,274.0,85.0
1,Chemoradiotherapy alone,15.111724137931034,0.8214285714285714,275.0,85.0
1,Chemoradiotherapy alone,15.293793103448277,0.8186813186813187,276.0,85.0
1,Chemoradiotherapy alone,15.475862068965517,0.8186813186813187,277.0,86.0
1,Chemoradiotherapy alone,15.65793103448276,0.8186813186813187,278.0,86.0
1,Chemoradiotherapy alone,15.84,0.8131868131868132,279.0,86.0
1,Chemoradiotherapy alone,16.022068965517242,0.8131868131868132,280.0,88.0
1,Chemoradiotherapy alone,16.204137931034484,0.8104395604395604,281.0,88.0
1,Chemoradiotherapy alone,16.386206896551723,0.8104395604395604,282.0,89.0
1,Chemoradiotherapy alone,16.568275862068965,0.8049450549450549,283.0,89.0
1,Chemoradiotherapy alone,16.750344827586208,0.8049450549450549,284.0,91.0
1,Chemoradiotherapy alone,16.93241379310345,0.8049450549450549,285.0,91.0
1,Chemoradiotherapy alone,17.11448275862069,0.8049450549450549,286.0,91.0
1,Chemoradiotherapy alone,17.29655172413793,0.8049450549450549,287.0,91.0
1,Chemoradiotherapy alone,17.478620689655173,0.8049450549450549,288.0,91.0
1,Chemoradiotherapy alone,17.660689655172412,0.8049450549450549,289.0,91.0
1,Chemoradiotherapy alone,17.842758620689654,0.8049450549450549,290.0,91.0
1,Chemoradiotherapy alone,18.024827586206897,0.8049450549450549,291.0,91.0
1,Chemoradiotherapy alone,18.20689655172414,0.8049450549450549,292.0,91.0
1,Chemoradiotherapy alone,18.388965517241378,0.7967032967032966,293.0,91.0
1,Chemoradiotherapy alone,18.571034482758623,0.7967032967032966,294.0,94.0
1,Chemoradiotherapy alone,18.753103448275862,0.7967032967032966,295.0,94.0
1,Chemoradiotherapy alone,18.9351724137931,0.7967032967032966,296.0,94.0
1,Chemoradiotherapy alone,19.117241379310347,0.7884615384615384,297.0,94.0
1,Chemoradiotherapy alone,19.299310344827585,0.7884615384615384,298.0,97.0
1,Chemoradiotherapy alone,19.481379310344828,0.7884615384615384,299.0,97.0
1,Chemoradiotherapy alone,19.663448275862066,0.7664835164835165,300.0,97.0
1,Chemoradiotherapy alone,19.845517241379312,0.7664835164835165,301.0,102.0
1,Chemoradiotherapy alone,20.02758620689655,0.7664835164835165,302.0,105.0
1,Chemoradiotherapy alone,20.209655172413793,0.7582417582417582,303.0,105.0
1,Chemoradiotherapy alone,20.391724137931035,0.7582417582417582,304.0,108.0
1,Chemoradiotherapy alone,20.573793103448274,0.7582417582417582,305.0,108.0
1,Chemoradiotherapy alone,20.755862068965516,0.75,306.0,108.0
1,Chemoradiotherapy alone,20.93793103448276,0.75,307.0,111.0
1,Chemoradiotherapy alone,21.12,0.7445054945054946,308.0,111.0
1,Chemoradiotherapy alone,21.30206896551724,0.7445054945054946,309.0,113.0
1,Chemoradiotherapy alone,21.484137931034482,0.7445054945054946,310.0,113.0
1,Chemoradiotherapy alone,21.666206896551724,0.7445054945054946,311.0,113.0
1,Chemoradiotherapy alone,21.848275862068967,0.7445054945054946,312.0,113.0
1,Chemoradiotherapy alone,22.030344827586205,0.7445054945054946,313.0,113.0
1,Chemoradiotherapy alone,22.21241379310345,0.7445054945054946,314.0,113.0
1,Chemoradiotherapy alone,22.39448275862069,0.7445054945054946,315.0,113.0
1,Chemoradiotherapy alone,22.57655172413793,0.7390109890109889,316.0,113.0
1,Chemoradiotherapy alone,22.758620689655174,0.7390109890109889,317.0,114.0
1,Chemoradiotherapy alone,22.940689655172413,0.7390109890109889,318.0,115.0
1,Chemoradiotherapy alone,23.122758620689655,0.7390109890109889,319.0,115.0
1,Chemoradiotherapy alone,23.304827586206894,0.7390109890109889,320.0,115.0
1,Chemoradiotherapy alone,23.48689655172414,0.7390109890109889,321.0,115.0
1,Chemoradiotherapy alone,23.66896551724138,0.7390109890109889,322.0,115.0
1,Chemoradiotherapy alone,23.85103448275862,0.7390109890109889,323.0,115.0
1,Chemoradiotherapy alone,24.033103448275863,0.7390109890109889,324.0,115.0
1,Chemoradiotherapy alone,24.215172413793102,0.7390109890109889,325.0,115.0
1,Chemoradiotherapy alone,24.397241379310344,0.7390109890109889,326.0,115.0
1,Chemoradiotherapy alone,24.579310344827586,0.7390109890109889,327.0,115.0
1,Chemoradiotherapy alone,24.76137931034483,0.7390109890109889,328.0,115.0
1,Chemoradiotherapy alone,24.943448275862067,0.7335164835164835,329.0,115.0
1,Chemoradiotherapy alone,25.12551724137931,0.7335164835164835,330.0,117.0
1,Chemoradiotherapy alone,25.307586206896552,0.7335164835164835,331.0,117.0
1,Chemoradiotherapy alone,25.489655172413794,0.7335164835164835,332.0,115.0
1,Chemoradiotherapy alone,25.671724137931033,0.7335164835164835,333.0,115.0
1,Chemoradiotherapy alone,25.853793103448275,0.7335164835164835,334.0,115.0
1,Chemoradiotherapy alone,26.035862068965518,0.7335164835164835,335.0,115.0
1,Chemoradiotherapy alone,26.217931034482756,0.7335164835164835,336.0,115.0
1,Chemoradiotherapy alone,26.400000000000002,0.7335164835164835,337.0,115.0
1,Chemoradiotherapy alone,26.58206896551724,0.7335164835164835,338.0,115.0
1,Chemoradiotherapy alone,26.764137931034483,0.7335164835164835,339.0,115.0
1,Chemoradiotherapy alone,26.946206896551725,0.7335164835164835,340.0,115.0
1,Chemoradiotherapy alone,27.128275862068968,0.7335164835164835,341.0,115.0
1,Chemoradiotherapy alone,27.310344827586206,0.7335164835164835,342.0,115.0
1,Chemoradiotherapy alone,27.492413793103445,0.7335164835164835,343.0,115.0
1,Chemoradiotherapy alone,27.67448275862069,0.7335164835164835,344.0,115.0
1,Chemoradiotherapy alone,27.85655172413793,0.7335164835164835,345.0,115.0
1,Chemoradiotherapy alone,28.038620689655172,0.7335164835164835,346.0,115.0
1,Chemoradiotherapy alone,28.220689655172414,0.7307692307692308,347.0,117.0
1,Chemoradiotherapy alone,28.402758620689657,0.7307692307692308,348.0,118.0
1,Chemoradiotherapy alone,28.584827586206895,0.7252747252747253,349.0,118.0
1,Chemoradiotherapy alone,28.76689655172414,0.7252747252747253,350.0,120.0
1,Chemoradiotherapy alone,28.94896551724138,0.7252747252747253,351.0,120.0
1,Chemoradiotherapy alone,29.131034482758622,0.7252747252747253,352.0,120.0
1,Chemoradiotherapy alone,29.31310344827586,0.7197802197802199,353.0,120.0
1,Chemoradiotherapy alone,29.495172413793103,0.7197802197802199,354.0,122.0
1,Chemoradiotherapy alone,29.677241379310345,0.7197802197802199,355.0,122.0
1,Chemoradiotherapy alone,29.859310344827584,0.7197802197802199,356.0,122.0
1,Chemoradiotherapy alone,30.04137931034483,0.7197802197802199,357.0,122.0
1,Chemoradiotherapy alone,30.22344827586207,0.7197802197802199,358.0,122.0
1,Chemoradiotherapy alone,30.40551724137931,0.7197802197802199,359.0,122.0
1,Chemoradiotherapy alone,30.587586206896553,0.7197802197802199,360.0,122.0
1,Chemoradiotherapy alone,30.769655172413795,0.7197802197802199,361.0,122.0
1,Chemoradiotherapy alone,30.951724137931034,0.7197802197802199,362.0,122.0
1,Chemoradiotherapy alone,31.133793103448273,0.7197802197802199,363.0,122.0
1,Chemoradiotherapy alone,31.31586206896552,0.7087912087912087,364.0,122.0
1,Chemoradiotherapy alone,31.497931034482757,0.7087912087912087,365.0,124.0
1,Chemoradiotherapy alone,31.68,0.7087912087912087,366.0,126.0
1,Chemoradiotherapy alone,31.862068965517242,0.7087912087912087,367.0,125.0
1,Chemoradiotherapy alone,32.044137931034484,0.7087912087912087,368.0,125.0
1,Chemoradiotherapy alone,32.22620689655172,0.7087912087912087,369.0,125.0
1,Chemoradiotherapy alone,32.40827586206897,0.7087912087912087,370.0,125.0
1,Chemoradiotherapy alone,32.59034482758621,0.7087912087912087,371.0,125.0
1,Chemoradiotherapy alone,32.772413793103446,0.7087912087912087,372.0,124.0
1,Chemoradiotherapy alone,32.954482758620685,0.7087912087912087,373.0,124.0
1,Chemoradiotherapy alone,33.13655172413793,0.7087912087912087,374.0,124.0
1,Chemoradiotherapy alone,33.31862068965518,0.7087912087912087,375.0,124.0
1,Chemoradiotherapy alone,33.500689655172415,0.7087912087912087,376.0,124.0
1,Chemoradiotherapy alone,33.682758620689654,0.7087912087912087,377.0,124.0
1,Chemoradiotherapy alone,33.8648275862069,0.7087912087912087,378.0,124.0
1,Chemoradiotherapy alone,34.04689655172414,0.7087912087912087,379.0,124.0
1,Chemoradiotherapy alone,34.22896551724138,0.7087912087912087,380.0,124.0
1,Chemoradiotherapy alone,34.411034482758616,0.7087912087912087,381.0,124.0
1,Chemoradiotherapy alone,34.59310344827586,0.7087912087912087,382.0,124.0
1,Chemoradiotherapy alone,34.77517241379311,0.7087912087912087,383.0,124.0
1,Chemoradiotherapy alone,34.95724137931035,0.7087912087912087,384.0,124.0
1,Chemoradiotherapy alone,35.139310344827585,0.7087912087912087,385.0,124.0
1,Chemoradiotherapy alone,35.321379310344824,0.7087912087912087,386.0,124.0
1,Chemoradiotherapy alone,35.50344827586207,0.7087912087912087,387.0,124.0
1,Chemoradiotherapy alone,35.68551724137931,0.7087912087912087,388.0,124.0
1,Chemoradiotherapy alone,35.867586206896554,0.7087912087912087,389.0,124.0
1,Chemoradiotherapy alone,36.04965517241379,0.7087912087912087,390.0,124.0
1,Chemoradiotherapy alone,36.23172413793103,0.7087912087912087,391.0,124.0
1,Chemoradiotherapy alone,36.41379310344828,0.7087912087912087,392.0,124.0
1,Chemoradiotherapy alone,36.595862068965516,0.7087912087912087,393.0,124.0
1,Chemoradiotherapy alone,36.777931034482755,0.7087912087912087,394.0,125.0
1,Chemoradiotherapy alone,36.96,0.7087912087912087,395.0,125.0
1,Chemoradiotherapy alone,37.14206896551725,0.7087912087912087,396.0,125.0
1,Chemoradiotherapy alone,37.324137931034485,0.7087912087912087,397.0,125.0
1,Chemoradiotherapy alone,37.506206896551724,0.7087912087912087,398.0,125.0
1,Chemoradiotherapy alone,37.68827586206896,0.7087912087912087,399.0,125.0
1,Chemoradiotherapy alone,37.8703448275862,0.7087912087912087,400.0,125.0
1,Chemoradiotherapy alone,38.05241379310345,0.7087912087912087,401.0,125.0
1,Chemoradiotherapy alone,38.23448275862069,0.7087912087912087,402.0,125.0
1,Chemoradiotherapy alone,38.41655172413793,0.7087912087912087,403.0,125.0
1,Chemoradiotherapy alone,38.59862068965517,0.7087912087912087,404.0,125.0
1,Chemoradiotherapy alone,38.78068965517242,0.7087912087912087,405.0,125.0
1,Chemoradiotherapy alone,38.962758620689655,0.7087912087912087,406.0,125.0
1,Chemoradiotherapy alone,39.144827586206894,0.7087912087912087,407.0,125.0
1,Chemoradiotherapy alone,39.32689655172413,0.7060439560439561,408.0,125.0
1,Chemoradiotherapy alone,39.50896551724138,0.7060439560439561,409.0,127.0
1,Chemoradiotherapy alone,39.691034482758624,0.7060439560439561,410.0,127.0
1,Chemoradiotherapy alone,39.87310344827586,0.7060439560439561,411.0,127.0
1,Chemoradiotherapy alone,40.0551724137931,0.7060439560439561,412.0,127.0
1,Chemoradiotherapy alone,40.23724137931034,0.7060439560439561,413.0,127.0
1,Chemoradiotherapy alone,40.419310344827586,0.7060439560439561,414.0,127.0
1,Chemoradiotherapy alone,40.60137931034483,0.7032967032967034,415.0,127.0
1,Chemoradiotherapy alone,40.78344827586207,0.7032967032967034,416.0,128.0
1,Chemoradiotherapy alone,40.96551724137931,0.7032967032967034,417.0,128.0
1,Chemoradiotherapy alone,41.14758620689655,0.7032967032967034,418.0,128.0
1,Chemoradiotherapy alone,41.329655172413794,0.7032967032967034,419.0,128.0
1,Chemoradiotherapy alone,41.51172413793103,0.7032967032967034,420.0,128.0
1,Chemoradiotherapy alone,41.69379310344827,0.7032967032967034,421.0,128.0
1,Chemoradiotherapy alone,41.87586206896552,0.7032967032967034,422.0,128.0
1,Chemoradiotherapy alone,42.05793103448276,0.7005494505494505,423.0,128.0
1,Chemoradiotherapy alone,42.24,0.7005494505494505,424.0,129.0
1,Chemoradiotherapy alone,42.42206896551724,0.7005494505494505,425.0,129.0
1,Chemoradiotherapy alone,42.60413793103448,0.6950549450549451,426.0,129.0
1,Chemoradiotherapy alone,42.78620689655172,0.6950549450549451,427.0,131.0
1,Chemoradiotherapy alone,42.968275862068964,0.6950549450549451,428.0,131.0
1,Chemoradiotherapy alone,43.15034482758621,0.6950549450549451,429.0,131.0
1,Chemoradiotherapy alone,43.33241379310345,0.6950549450549451,430.0,131.0
1,Chemoradiotherapy alone,43.51448275862069,0.6950549450549451,431.0,131.0
1,Chemoradiotherapy alone,43.69655172413793,0.6950549450549451,432.0,131.0
1,Chemoradiotherapy alone,43.87862068965517,0.6895604395604396,433.0,131.0
1,Chemoradiotherapy alone,44.06068965517241,0.6895604395604396,434.0,133.0
1,Chemoradiotherapy alone,44.242758620689656,0.6895604395604396,435.0,133.0
1,Chemoradiotherapy alone,44.4248275862069,0.6895604395604396,436.0,133.0
1,Chemoradiotherapy alone,44.60689655172414,0.6895604395604396,437.0,133.0
1,Chemoradiotherapy alone,44.78896551724138,0.684065934065934,438.0,133.0
1,Chemoradiotherapy alone,44.97103448275862,0.684065934065934,439.0,135.0
1,Chemoradiotherapy alone,45.15310344827586,0.6758241758241758,440.0,135.0
1,Chemoradiotherapy alone,45.3351724137931,0.6758241758241758,441.0,137.0
1,Chemoradiotherapy alone,45.51724137931035,0.6758241758241758,442.0,138.0
1,Chemoradiotherapy alone,45.69931034482759,0.6758241758241758,443.0,137.0
1,Chemoradiotherapy alone,45.881379310344826,0.6758241758241758,444.0,137.0
1,Chemoradiotherapy alone,46.06344827586207,0.6758241758241758,445.0,137.0
1,Chemoradiotherapy alone,46.24551724137931,0.6758241758241758,446.0,137.0
1,Chemoradiotherapy alone,46.42758620689655,0.6758241758241758,447.0,137.0
1,Chemoradiotherapy alone,46.60965517241379,0.6758241758241758,448.0,137.0
1,Chemoradiotherapy alone,46.791724137931034,0.6758241758241758,449.0,137.0
1,Chemoradiotherapy alone,46.97379310344828,0.6758241758241758,450.0,137.0
1,Chemoradiotherapy alone,47.15586206896552,0.673076923076923,451.0,138.0
1,Chemoradiotherapy alone,47.33793103448276,0.673076923076923,452.0,139.0
1,Chemoradiotherapy alone,47.519999999999996,0.6675824175824175,453.0,139.0
1,Chemoradiotherapy alone,47.70206896551724,0.6675824175824175,454.0,140.0
1,Chemoradiotherapy alone,47.88413793103449,0.6675824175824175,455.0,141.0
1,Chemoradiotherapy alone,48.066206896551726,0.6675824175824175,456.0,141.0
1,Chemoradiotherapy alone,48.248275862068965,0.6675824175824175,457.0,141.0
1,Chemoradiotherapy alone,48.430344827586204,0.6675824175824175,458.0,141.0
1,Chemoradiotherapy alone,48.61241379310345,0.6675824175824175,459.0,141.0
1,Chemoradiotherapy alone,48.79448275862069,0.6675824175824175,460.0,141.0
1,Chemoradiotherapy alone,48.97655172413793,0.6675824175824175,461.0,141.0
1,Chemoradiotherapy alone,49.15862068965517,0.6675824175824175,462.0,141.0
1,Chemoradiotherapy alone,49.34068965517242,0.6675824175824175,463.0,141.0
1,Chemoradiotherapy alone,49.52275862068966,0.6675824175824175,464.0,141.0
1,Chemoradiotherapy alone,49.704827586206896,0.651098901098901,465.0,141.0
1,Chemoradiotherapy alone,49.886896551724135,0.651098901098901,466.0,142.0
1,Chemoradiotherapy alone,50.068965517241374,0.651098901098901,467.0,143.0
1,Chemoradiotherapy alone,50.25103448275862,0.651098901098901,468.0,146.0
1,Chemoradiotherapy alone,50.433103448275865,0.651098901098901,469.0,147.0
1,Chemoradiotherapy alone,50.615172413793104,0.651098901098901,470.0,147.0
1,Chemoradiotherapy alone,50.79724137931034,0.651098901098901,471.0,147.0
1,Chemoradiotherapy alone,50.97931034482759,0.6483516483516483,472.0,147.0
1,Chemoradiotherapy alone,51.16137931034483,0.6483516483516483,473.0,148.0
1,Chemoradiotherapy alone,51.343448275862066,0.6483516483516483,474.0,148.0
1,Chemoradiotherapy alone,51.52551724137931,0.6483516483516483,475.0,148.0
1,Chemoradiotherapy alone,51.70758620689655,0.6483516483516483,476.0,148.0
1,Chemoradiotherapy alone,51.889655172413796,0.6483516483516483,477.0,148.0
1,Chemoradiotherapy alone,52.071724137931035,0.6483516483516483,478.0,148.0
1,Chemoradiotherapy alone,52.253793103448274,0.6483516483516483,479.0,148.0
1,Chemoradiotherapy alone,52.43586206896551,0.6483516483516483,480.0,148.0
1,Chemoradiotherapy alone,52.61793103448276,0.6483516483516483,481.0,148.0
1,Chemoradiotherapy alone,52.800000000000004,0.6428571428571428,482.0,148.0
1,Chemoradiotherapy alone,52.98206896551724,0.6428571428571428,483.0,149.0
1,Chemoradiotherapy alone,53.16413793103448,0.6428571428571428,484.0,150.0
1,Chemoradiotherapy alone,53.34620689655172,0.6428571428571428,485.0,148.0
1,Chemoradiotherapy alone,53.528275862068966,0.6428571428571428,486.0,148.0
1,Chemoradiotherapy alone,53.710344827586205,0.6428571428571428,487.0,148.0
1,Chemoradiotherapy alone,53.89241379310345,0.6428571428571428,488.0,148.0
1,Chemoradiotherapy alone,54.07448275862069,0.6428571428571428,489.0,148.0
1,Chemoradiotherapy alone,54.256551724137935,0.6428571428571428,490.0,148.0
1,Chemoradiotherapy alone,54.438620689655174,0.6428571428571428,491.0,148.0
1,Chemoradiotherapy alone,54.62068965517241,0.6428571428571428,492.0,148.0
1,Chemoradiotherapy alone,54.80275862068965,0.6428571428571428,493.0,148.0
1,Chemoradiotherapy alone,54.98482758620689,0.6428571428571428,494.0,150.0
1,Chemoradiotherapy alone,55.16689655172414,0.6428571428571428,495.0,148.0
1,Chemoradiotherapy alone,55.34896551724138,0.6428571428571428,496.0,148.0
1,Chemoradiotherapy alone,55.53103448275862,0.6428571428571428,497.0,148.0
1,Chemoradiotherapy alone,55.71310344827586,0.6428571428571428,498.0,148.0
1,Chemoradiotherapy alone,55.895172413793105,0.6428571428571428,499.0,149.0
1,Chemoradiotherapy alone,56.077241379310344,0.6428571428571428,500.0,149.0
1,Chemoradiotherapy alone,56.25931034482758,0.6428571428571428,501.0,149.0
1,Chemoradiotherapy alone,56.44137931034483,0.6428571428571428,502.0,149.0
1,Chemoradiotherapy alone,56.623448275862074,0.6428571428571428,503.0,148.0
1,Chemoradiotherapy alone,56.80551724137931,0.6428571428571428,504.0,150.0
1,Chemoradiotherapy alone,56.98758620689655,0.6428571428571428,505.0,150.0
1,Chemoradiotherapy alone,57.16965517241379,0.6428571428571428,506.0,150.0
1,Chemoradiotherapy alone,57.35172413793103,0.6428571428571428,507.0,150.0
1,Chemoradiotherapy alone,57.53379310344828,0.6428571428571428,508.0,150.0
1,Chemoradiotherapy alone,57.71586206896552,0.6428571428571428,509.0,150.0
1,Chemoradiotherapy alone,57.89793103448276,0.6428571428571428,510.0,150.0
1,Chemoradiotherapy alone,58.08,0.6428571428571428,511.0,150.0
1,Chemoradiotherapy alone,58.262068965517244,0.6428571428571428,512.0,150.0
1,Chemoradiotherapy alone,58.44413793103448,0.6428571428571428,513.0,150.0
1,Chemoradiotherapy alone,58.62620689655172,0.6428571428571428,514.0,150.0
1,Chemoradiotherapy alone,58.80827586206897,0.6428571428571428,515.0,150.0
1,Chemoradiotherapy alone,58.990344827586206,0.6428571428571428,516.0,150.0
1,Chemoradiotherapy alone,59.17241379310345,0.6373626373626373,517.0,150.0
1,Chemoradiotherapy alone,59.35448275862069,0.6373626373626373,518.0,152.0
1,Chemoradiotherapy alone,59.53655172413793,0.6373626373626373,519.0,150.0
1,Chemoradiotherapy alone,59.71862068965517,0.6373626373626373,520.0,152.0
1,Chemoradiotherapy alone,59.900689655172414,0.6373626373626373,521.0,152.0
1,Chemoradiotherapy alone,60.08275862068966,0.6291208791208791,522.0,152.0
1,Chemoradiotherapy alone,60.2648275862069,0.6291208791208791,523.0,153.0
1,Chemoradiotherapy alone,60.44689655172414,0.6291208791208791,524.0,155.0
1,Chemoradiotherapy alone,60.628965517241376,0.6291208791208791,525.0,155.0
1,Chemoradiotherapy alone,60.81103448275862,0.6291208791208791,526.0,155.0
1,Chemoradiotherapy alone,60.99310344827586,0.6291208791208791,527.0,155.0
1,Chemoradiotherapy alone,61.175172413793106,0.6291208791208791,528.0,155.0
1,Chemoradiotherapy alone,61.357241379310345,0.6291208791208791,529.0,155.0
1,Chemoradiotherapy alone,61.53931034482759,0.6291208791208791,530.0,155.0
1,Chemoradiotherapy alone,61.72137931034483,0.6236263736263736,531.0,155.0
1,Chemoradiotherapy alone,61.90344827586207,0.6236263736263736,532.0,157.0
1,Chemoradiotherapy alone,62.08551724137931,0.6236263736263736,533.0,157.0
1,Chemoradiotherapy alone,62.267586206896546,0.6181318681318682,534.0,157.0
1,Chemoradiotherapy alone,62.4496551724138,0.6181318681318682,535.0,159.0
1,Chemoradiotherapy alone,62.63172413793104,0.6181318681318682,536.0,157.0
1,Chemoradiotherapy alone,62.813793103448276,0.6181318681318682,537.0,157.0
1,Chemoradiotherapy alone,62.995862068965515,0.6181318681318682,538.0,159.0
1,Chemoradiotherapy alone,63.17793103448276,0.6181318681318682,539.0,157.0
1,Chemoradiotherapy alone,63.36,0.6181318681318682,540.0,159.0
1,Chemoradiotherapy alone,63.54206896551724,0.6181318681318682,541.0,159.0
1,Chemoradiotherapy alone,63.724137931034484,0.6181318681318682,542.0,157.0
1,Chemoradiotherapy alone,63.90620689655172,0.6181318681318682,543.0,157.0
1,Chemoradiotherapy alone,64.08827586206897,0.6181318681318682,544.0,157.0
1,Chemoradiotherapy alone,64.2703448275862,0.6181318681318682,545.0,157.0
1,Chemoradiotherapy alone,64.45241379310345,0.6181318681318682,546.0,157.0
1,Chemoradiotherapy alone,64.63448275862069,0.6181318681318682,547.0,158.0
1,Chemoradiotherapy alone,64.81655172413794,0.6181318681318682,548.0,157.0
1,Chemoradiotherapy alone,64.99862068965517,0.6181318681318682,549.0,157.0
1,Chemoradiotherapy alone,65.18068965517242,0.6181318681318682,550.0,157.0
1,Chemoradiotherapy alone,65.36275862068966,0.6153846153846153,551.0,159.0
1,Chemoradiotherapy alone,65.54482758620689,0.6153846153846153,552.0,160.0
1,Chemoradiotherapy alone,65.72689655172414,0.6153846153846153,553.0,160.0
1,Chemoradiotherapy alone,65.90896551724137,0.6098901098901098,554.0,160.0
1,Chemoradiotherapy alone,66.09103448275863,0.6098901098901098,555.0,162.0
1,Chemoradiotherapy alone,66.27310344827586,0.6098901098901098,556.0,162.0
1,Chemoradiotherapy alone,66.45517241379311,0.6098901098901098,557.0,162.0
1,Chemoradiotherapy alone,66.63724137931035,0.6098901098901098,558.0,160.0
1,Chemoradiotherapy alone,66.81931034482758,0.6098901098901098,559.0,160.0
1,Chemoradiotherapy alone,67.00137931034483,0.6098901098901098,560.0,160.0
1,Chemoradiotherapy alone,67.18344827586206,0.6098901098901098,561.0,160.0
1,Chemoradiotherapy alone,67.36551724137931,0.6098901098901098,562.0,162.0
1,Chemoradiotherapy alone,67.54758620689654,0.6098901098901098,563.0,162.0
1,Chemoradiotherapy alone,67.7296551724138,0.6098901098901098,564.0,162.0
1,Chemoradiotherapy alone,67.91172413793105,0.6098901098901098,565.0,162.0
1,Chemoradiotherapy alone,68.09379310344828,0.6098901098901098,566.0,162.0
1,Chemoradiotherapy alone,68.27586206896552,0.6098901098901098,567.0,162.0
1,Chemoradiotherapy alone,68.45793103448275,0.6098901098901098,568.0,162.0
1,Chemoradiotherapy alone,68.64,0.6098901098901098,569.0,162.0
1,Chemoradiotherapy alone,68.82206896551723,0.6098901098901098,570.0,162.0
1,Chemoradiotherapy alone,69.00413793103448,0.6098901098901098,571.0,162.0
1,Chemoradiotherapy alone,69.18620689655172,0.6098901098901098,572.0,162.0
1,Chemoradiotherapy alone,69.36827586206897,0.6098901098901098,573.0,162.0
1,Chemoradiotherapy alone,69.55034482758622,0.6098901098901098,574.0,162.0
1,Chemoradiotherapy alone,69.73241379310345,0.6098901098901098,575.0,162.0
1,Chemoradiotherapy alone,69.9144827586207,0.6098901098901098,576.0,160.0
1,Chemoradiotherapy alone,70.09655172413792,0.6098901098901098,577.0,160.0
1,Chemoradiotherapy alone,70.27862068965517,0.6098901098901098,578.0,160.0
1,Chemoradiotherapy alone,70.46068965517242,0.6098901098901098,579.0,160.0
1,Chemoradiotherapy alone,70.64275862068965,0.6098901098901098,580.0,160.0
1,Chemoradiotherapy alone,70.8248275862069,0.6098901098901098,581.0,162.0
1,Chemoradiotherapy alone,71.00689655172414,0.6098901098901098,582.0,162.0
1,Chemoradiotherapy alone,71.18896551724139,0.6098901098901098,583.0,162.0
1,Chemoradiotherapy alone,71.37103448275862,0.6098901098901098,584.0,162.0
1,Chemoradiotherapy alone,71.55310344827586,0.6098901098901098,585.0,160.0
1,Chemoradiotherapy alone,71.73517241379311,0.6098901098901098,586.0,162.0
1,Chemoradiotherapy alone,71.91724137931034,0.6098901098901098,587.0,162.0
1,Chemoradiotherapy alone,72.09931034482759,0.6098901098901098,588.0,162.0
1,Chemoradiotherapy alone,72.28137931034482,0.6098901098901098,589.0,162.0
1,Chemoradiotherapy alone,72.46344827586206,0.6098901098901098,590.0,162.0
1,Chemoradiotherapy alone,72.64551724137931,0.6098901098901098,591.0,162.0
1,Chemoradiotherapy alone,72.82758620689656,0.6098901098901098,592.0,162.0
1,Chemoradiotherapy alone,73.0096551724138,0.6098901098901098,593.0,162.0
1,Chemoradiotherapy alone,73.19172413793103,0.6098901098901098,594.0,160.0
1,Chemoradiotherapy alone,73.37379310344828,0.6098901098901098,595.0,162.0
1,Chemoradiotherapy alone,73.55586206896551,0.6098901098901098,596.0,162.0
1,Chemoradiotherapy alone,73.73793103448276,0.6071428571428572,597.0,162.0
1,Chemoradiotherapy alone,73.92,0.6071428571428572,598.0,163.0
1,Chemoradiotherapy alone,74.10206896551723,0.6071428571428572,599.0,163.0
1,Chemoradiotherapy alone,74.2841379310345,0.6016483516483517,600.0,163.0
1,Chemoradiotherapy alone,74.46620689655172,0.6016483516483517,601.0,164.0
1,Chemoradiotherapy alone,74.64827586206897,0.6016483516483517,602.0,165.0
1,Chemoradiotherapy alone,74.8303448275862,0.6016483516483517,603.0,165.0
1,Chemoradiotherapy alone,75.01241379310345,0.6016483516483517,604.0,165.0
1,Chemoradiotherapy alone,75.1944827586207,0.6016483516483517,605.0,165.0
1,Chemoradiotherapy alone,75.37655172413793,0.6016483516483517,606.0,164.0
1,Chemoradiotherapy alone,75.55862068965517,0.6016483516483517,607.0,164.0
1,Chemoradiotherapy alone,75.7406896551724,0.6016483516483517,608.0,164.0
1,Chemoradiotherapy alone,75.92275862068966,0.5989010989010989,609.0,164.0
1,Chemoradiotherapy alone,76.1048275862069,0.5989010989010989,610.0,166.0
1,Chemoradiotherapy alone,76.28689655172414,0.5989010989010989,611.0,166.0
1,Chemoradiotherapy alone,76.46896551724139,0.5989010989010989,612.0,166.0
1,Chemoradiotherapy alone,76.65103448275862,0.5989010989010989,613.0,166.0
1,Chemoradiotherapy alone,76.83310344827586,0.5989010989010989,614.0,166.0
1,Chemoradiotherapy alone,77.0151724137931,0.5989010989010989,615.0,166.0
1,Chemoradiotherapy alone,77.19724137931034,0.5989010989010989,616.0,166.0
1,Chemoradiotherapy alone,77.37931034482757,0.5989010989010989,617.0,166.0
1,Chemoradiotherapy alone,77.56137931034483,0.5989010989010989,618.0,164.0
1,Chemoradiotherapy alone,77.74344827586208,0.5989010989010989,619.0,164.0
1,Chemoradiotherapy alone,77.92551724137931,0.5989010989010989,620.0,164.0
1,Chemoradiotherapy alone,78.10758620689656,0.5989010989010989,621.0,164.0
1,Chemoradiotherapy alone,78.28965517241379,0.5989010989010989,622.0,164.0
1,Chemoradiotherapy alone,78.47172413793103,0.5989010989010989,623.0,164.0
1,Chemoradiotherapy alone,78.65379310344827,0.5989010989010989,624.0,164.0
1,Chemoradiotherapy alone,78.83586206896551,0.5989010989010989,625.0,164.0
1,Chemoradiotherapy alone,79.01793103448276,0.5989010989010989,626.0,164.0
1,Chemoradiotherapy alone,79.2,0.5989010989010989,627.0,164.0
1,Chemoradiotherapy alone,79.38206896551725,0.5989010989010989,628.0,164.0
1,Chemoradiotherapy alone,79.56413793103448,0.5989010989010989,629.0,164.0
1,Chemoradiotherapy alone,79.74620689655173,0.5989010989010989,630.0,164.0
1,Chemoradiotherapy alone,79.92827586206897,0.5989010989010989,631.0,164.0
1,Chemoradiotherapy alone,80.1103448275862,0.5989010989010989,632.0,164.0
1,Chemoradiotherapy alone,80.29241379310345,0.5989010989010989,633.0,166.0
1,Chemoradiotherapy alone,80.47448275862068,0.5989010989010989,634.0,166.0
1,Chemoradiotherapy alone,80.65655172413793,0.5989010989010989,635.0,166.0
1,Chemoradiotherapy alone,80.83862068965517,0.5989010989010989,636.0,166.0
1,Chemoradiotherapy alone,81.02068965517242,0.5989010989010989,637.0,166.0
1,Chemoradiotherapy alone,81.20275862068966,0.5989010989010989,638.0,166.0
1,Chemoradiotherapy alone,81.3848275862069,0.5989010989010989,639.0,166.0
1,Chemoradiotherapy alone,81.56689655172414,0.5989010989010989,640.0,166.0
1,Chemoradiotherapy alone,81.74896551724137,0.5989010989010989,641.0,166.0
1,Chemoradiotherapy alone,81.93103448275862,0.5989010989010989,642.0,164.0
1,Chemoradiotherapy alone,82.11310344827585,0.5989010989010989,643.0,164.0
1,Chemoradiotherapy alone,82.2951724137931,0.5989010989010989,644.0,164.0
1,Chemoradiotherapy alone,82.47724137931036,0.5989010989010989,645.0,166.0
1,Chemoradiotherapy alone,82.65931034482759,0.5989010989010989,646.0,166.0
1,Chemoradiotherapy alone,82.84137931034483,0.5989010989010989,647.0,166.0
1,Chemoradiotherapy alone,83.02344827586207,0.5989010989010989,648.0,166.0
1,Chemoradiotherapy alone,83.20551724137931,0.5989010989010989,649.0,166.0
1,Chemoradiotherapy alone,83.38758620689654,0.5989010989010989,650.0,166.0
1,Chemoradiotherapy alone,83.56965517241379,0.5989010989010989,651.0,166.0
1,Chemoradiotherapy alone,83.75172413793103,0.5989010989010989,652.0,166.0
1,Chemoradiotherapy alone,83.93379310344827,0.5989010989010989,653.0,164.0
1,Chemoradiotherapy alone,84.11586206896553,0.5989010989010989,654.0,164.0
1,Chemoradiotherapy alone,84.29793103448276,0.5989010989010989,655.0,164.0
1,Chemoradiotherapy alone,84.48,0.5989010989010989,656.0,164.0
1,Chemoradiotherapy alone,84.66206896551724,0.5989010989010989,657.0,164.0
1,Chemoradiotherapy alone,84.84413793103448,0.5989010989010989,658.0,164.0
1,Chemoradiotherapy alone,85.02620689655173,0.5989010989010989,659.0,164.0
1,Chemoradiotherapy alone,85.20827586206896,0.5989010989010989,660.0,165.0
1,Chemoradiotherapy alone,85.3903448275862,0.5989010989010989,661.0,165.0
1,Chemoradiotherapy alone,85.57241379310344,0.5989010989010989,662.0,165.0
1,Chemoradiotherapy alone,85.7544827586207,0.5989010989010989,663.0,165.0
1,Chemoradiotherapy alone,85.93655172413793,0.5989010989010989,664.0,165.0
1,Chemoradiotherapy alone,86.11862068965517,0.5989010989010989,665.0,165.0
1,Chemoradiotherapy alone,86.30068965517242,0.5989010989010989,666.0,165.0
1,Chemoradiotherapy alone,86.48275862068965,0.5989010989010989,667.0,164.0
1,Chemoradiotherapy alone,86.6648275862069,0.5989010989010989,668.0,165.0
1,Chemoradiotherapy alone,86.84689655172413,0.5989010989010989,669.0,165.0
1,Chemoradiotherapy alone,87.02896551724137,0.5989010989010989,670.0,165.0
1,Chemoradiotherapy alone,87.21103448275863,0.5989010989010989,671.0,166.0
1,Chemoradiotherapy alone,87.39310344827587,0.5989010989010989,672.0,163.0
1,Chemoradiotherapy alone,87.57517241379311,0.5989010989010989,673.0,163.0
1,Chemoradiotherapy alone,87.75724137931034,0.5989010989010989,674.0,163.0
1,Chemoradiotherapy alone,87.93931034482759,0.5989010989010989,675.0,163.0
1,Chemoradiotherapy alone,88.12137931034482,0.5989010989010989,676.0,163.0
1,Chemoradiotherapy alone,88.30344827586207,0.5989010989010989,677.0,163.0
1,Chemoradiotherapy alone,88.48551724137931,0.5989010989010989,678.0,163.0
1,Chemoradiotherapy alone,88.66758620689654,0.5989010989010989,679.0,164.0
1,Chemoradiotherapy alone,88.8496551724138,0.5989010989010989,680.0,164.0
1,Chemoradiotherapy alone,89.03172413793104,0.5989010989010989,681.0,164.0
1,Chemoradiotherapy alone,89.21379310344828,0.5989010989010989,682.0,164.0
1,Chemoradiotherapy alone,89.39586206896551,0.5989010989010989,683.0,164.0
1,Chemoradiotherapy alone,89.57793103448276,0.5989010989010989,684.0,164.0
1,Chemoradiotherapy alone,89.76,0.5989010989010989,685.0,164.0
1,Chemoradiotherapy alone,89.94206896551724,0.5989010989010989,686.0,164.0
1,Chemoradiotherapy alone,90.12413793103448,0.5989010989010989,687.0,164.0
1,Chemoradiotherapy alone,90.30620689655171,0.5989010989010989,688.0,164.0
1,Chemoradiotherapy alone,90.48827586206897,0.5989010989010989,689.0,164.0
1,Chemoradiotherapy alone,90.6703448275862,0.5989010989010989,690.0,164.0
1,Chemoradiotherapy alone,90.85241379310345,0.5989010989010989,691.0,164.0
1,Chemoradiotherapy alone,91.0344827586207,0.5989010989010989,692.0,165.0
1,Chemoradiotherapy alone,91.21655172413793,0.5989010989010989,693.0,165.0
1,Chemoradiotherapy alone,91.39862068965517,0.5989010989010989,694.0,165.0
1,Chemoradiotherapy alone,91.5806896551724,0.5989010989010989,695.0,164.0
1,Chemoradiotherapy alone,91.76275862068965,0.5989010989010989,696.0,164.0
1,Chemoradiotherapy alone,91.94482758620688,0.5989010989010989,697.0,164.0
1,Chemoradiotherapy alone,92.12689655172414,0.5989010989010989,698.0,164.0
1,Chemoradiotherapy alone,92.30896551724139,0.5989010989010989,699.0,164.0
1,Chemoradiotherapy alone,92.49103448275862,0.5989010989010989,700.0,164.0
1,Chemoradiotherapy alone,92.67310344827587,0.5989010989010989,701.0,164.0
1,Chemoradiotherapy alone,92.8551724137931,0.5989010989010989,702.0,164.0
1,Chemoradiotherapy alone,93.03724137931034,0.5989010989010989,703.0,164.0
1,Chemoradiotherapy alone,93.21931034482758,0.5989010989010989,704.0,164.0
1,Chemoradiotherapy alone,93.40137931034482,0.5989010989010989,705.0,164.0
1,Chemoradiotherapy alone,93.58344827586207,0.5989010989010989,706.0,164.0
1,Chemoradiotherapy alone,93.76551724137931,0.5989010989010989,707.0,164.0
1,Chemoradiotherapy alone,93.94758620689656,0.5989010989010989,708.0,166.0
1,Chemoradiotherapy alone,94.12965517241379,0.5989010989010989,709.0,166.0
1,Chemoradiotherapy alone,94.31172413793104,0.5989010989010989,710.0,164.0
1,Chemoradiotherapy alone,94.49379310344828,0.5989010989010989,711.0,164.0
1,Chemoradiotherapy alone,94.67586206896551,0.5989010989010989,712.0,164.0
1,Chemoradiotherapy alone,94.85793103448276,0.5989010989010989,713.0,164.0
1,Chemoradiotherapy alone,95.03999999999999,0.5989010989010989,714.0,164.0
1,Chemoradiotherapy alone,95.22206896551724,0.5989010989010989,715.0,164.0
1,Chemoradiotherapy alone,95.40413793103448,0.5989010989010989,716.0,164.0
1,Chemoradiotherapy alone,95.58620689655173,0.5989010989010989,717.0,164.0
1,Chemoradiotherapy alone,95.76827586206898,0.5989010989010989,718.0,164.0
1,Chemoradiotherapy alone,95.9503448275862,0.5989010989010989,719.0,164.0
1,Chemoradiotherapy alone,96.13241379310345,0.5989010989010989,720.0,164.0
1,Chemoradiotherapy alone,96.31448275862068,0.5989010989010989,721.0,164.0
1,Chemoradiotherapy alone,96.49655172413793,0.5989010989010989,722.0,164.0
1,Chemoradiotherapy alone,96.67862068965516,0.5989010989010989,723.0,164.0
1,Chemoradiotherapy alone,96.86068965517241,0.5989010989010989,724.0,164.0
1,Chemoradiotherapy alone,97.04275862068967,0.5989010989010989,725.0,164.0
1,Chemoradiotherapy alone,97.2248275862069,0.5989010989010989,726.0,164.0
1,Chemoradiotherapy alone,97.40689655172415,0.5989010989010989,727.0,166.0
1,Chemoradiotherapy alone,97.58896551724138,0.5989010989010989,728.0,166.0
1,Chemoradiotherapy alone,97.77103448275862,0.5989010989010989,729.0,166.0
1,Chemoradiotherapy alone,97.95310344827585,0.5989010989010989,730.0,166.0
1,Chemoradiotherapy alone,98.1351724137931,0.5714285714285715,731.0,166.0
1,Chemoradiotherapy alone,98.31724137931035,0.5714285714285715,732.0,176.0
1,Chemoradiotherapy alone,98.49931034482758,0.5714285714285715,733.0,176.0
1,Chemoradiotherapy alone,98.68137931034484,0.5714285714285715,734.0,176.0
1,Chemoradiotherapy alone,98.86344827586207,0.5714285714285715,735.0,176.0
1,Chemoradiotherapy alone,99.04551724137932,0.5714285714285715,736.0,176.0
1,Chemoradiotherapy alone,99.22758620689655,0.5714285714285715,737.0,176.0
1,Chemoradiotherapy alone,99.40965517241379,0.5714285714285715,738.0,176.0
1,Chemoradiotherapy alone,99.59172413793104,0.5714285714285715,739.0,176.0
1,Chemoradiotherapy alone,99.77379310344827,0.5714285714285715,740.0,176.0
1,Chemoradiotherapy alone,99.95586206896552,0.5714285714285715,741.0,176.0
1,Chemoradiotherapy alone,100.13793103448275,0.5659340659340659,742.0,176.0
1,Chemoradiotherapy alone,100.32000000000001,0.5659340659340659,743.0,177.0
1,Chemoradiotherapy alone,100.50206896551724,0.5659340659340659,744.0,178.0
1,Chemoradiotherapy alone,100.68413793103448,0.5659340659340659,745.0,178.0
1,Chemoradiotherapy alone,100.86620689655173,0.5659340659340659,746.0,178.0
1,Chemoradiotherapy alone,101.04827586206896,0.5659340659340659,747.0,178.0
1,Chemoradiotherapy alone,101.23034482758621,0.5659340659340659,748.0,177.0
1,Chemoradiotherapy alone,101.41241379310344,0.5659340659340659,749.0,177.0
1,Chemoradiotherapy alone,101.59448275862069,0.5659340659340659,750.0,177.0
1,Chemoradiotherapy alone,101.77655172413793,0.5659340659340659,751.0,177.0
1,Chemoradiotherapy alone,101.95862068965518,0.5659340659340659,752.0,177.0
1,Chemoradiotherapy alone,102.14068965517242,0.5659340659340659,753.0,178.0
1,Chemoradiotherapy alone,102.32275862068965,0.5659340659340659,754.0,178.0
1,Chemoradiotherapy alone,102.5048275862069,0.5659340659340659,755.0,178.0
1,Chemoradiotherapy alone,102.68689655172413,0.5659340659340659,756.0,178.0
1,Chemoradiotherapy alone,102.86896551724138,0.5659340659340659,757.0,178.0
1,Chemoradiotherapy alone,103.05103448275862,0.5659340659340659,758.0,178.0
1,Chemoradiotherapy alone,103.23310344827586,0.5659340659340659,759.0,178.0
1,Chemoradiotherapy alone,103.4151724137931,0.5659340659340659,760.0,178.0
1,Chemoradiotherapy alone,103.59724137931035,0.5659340659340659,761.0,178.0
1,Chemoradiotherapy alone,103.77931034482759,0.5659340659340659,762.0,178.0
1,Chemoradiotherapy alone,103.96137931034482,0.5659340659340659,763.0,178.0
1,Chemoradiotherapy alone,104.14344827586207,0.5659340659340659,764.0,178.0
1,Chemoradiotherapy alone,104.32551724137932,0.5659340659340659,765.0,178.0
1,Chemoradiotherapy alone,104.50758620689655,0.5659340659340659,766.0,178.0
1,Chemoradiotherapy alone,104.6896551724138,0.5659340659340659,767.0,178.0
1,Chemoradiotherapy alone,104.87172413793103,0.5659340659340659,768.0,178.0
1,Chemoradiotherapy alone,105.05379310344827,0.5659340659340659,769.0,178.0
1,Chemoradiotherapy alone,105.23586206896552,0.5659340659340659,770.0,178.0
1,Chemoradiotherapy alone,105.41793103448276,0.5659340659340659,771.0,178.0
1,Chemoradiotherapy alone,105.60000000000001,0.5659340659340659,772.0,178.0
1,Chemoradiotherapy alone,105.78206896551724,0.5659340659340659,773.0,178.0
1,Chemoradiotherapy alone,105.96413793103449,0.5659340659340659,774.0,178.0
1,Chemoradiotherapy alone,106.14620689655172,0.5659340659340659,775.0,178.0
1,Chemoradiotherapy alone,106.32827586206896,0.5659340659340659,776.0,178.0
1,Chemoradiotherapy alone,106.5103448275862,0.5659340659340659,777.0,178.0
1,Chemoradiotherapy alone,106.69241379310344,0.5659340659340659,778.0,178.0
1,Chemoradiotherapy alone,106.8744827586207,0.5659340659340659,779.0,178.0
1,Chemoradiotherapy alone,107.05655172413793,0.5659340659340659,780.0,178.0
1,Chemoradiotherapy alone,107.23862068965518,0.5659340659340659,781.0,178.0
1,Chemoradiotherapy alone,107.42068965517241,0.5659340659340659,782.0,178.0
1,Chemoradiotherapy alone,107.60275862068966,0.5659340659340659,783.0,178.0
1,Chemoradiotherapy alone,107.7848275862069,0.5659340659340659,784.0,178.0
1,Chemoradiotherapy alone,107.96689655172413,0.5659340659340659,785.0,178.0
1,Chemoradiotherapy alone,108.14896551724138,0.47802197802197793,786.0,178.0
1,Chemoradiotherapy alone,108.33103448275861,0.47802197802197793,787.0,210.0
1,Chemoradiotherapy alone,108.51310344827587,0.47802197802197793,788.0,210.0
1,Chemoradiotherapy alone,108.6951724137931,0.47802197802197793,789.0,210.0
1,Chemoradiotherapy alone,108.87724137931035,0.47802197802197793,790.0,210.0
1,Chemoradiotherapy alone,109.0593103448276,0.47802197802197793,791.0,210.0
1,Chemoradiotherapy alone,109.24137931034483,0.47802197802197793,792.0,210.0
1,Chemoradiotherapy alone,109.42344827586207,0.47802197802197793,793.0,210.0
1,Chemoradiotherapy alone,109.6055172413793,0.47802197802197793,794.0,210.0
1,Chemoradiotherapy alone,109.78758620689655,0.47802197802197793,795.0,210.0
1,Chemoradiotherapy alone,109.96965517241378,0.47802197802197793,796.0,210.0
1,Chemoradiotherapy alone,110.15172413793104,0.47802197802197793,797.0,210.0
1,Chemoradiotherapy alone,110.33379310344829,0.47802197802197793,798.0,210.0
1,Chemoradiotherapy alone,110.51586206896552,0.47802197802197793,799.0,210.0
1,Chemoradiotherapy alone,110.69793103448276,0.47802197802197793,800.0,210.0
1,Chemoradiotherapy alone,110.88,0.47802197802197793,801.0,210.0
1,Chemoradiotherapy alone,111.06206896551724,0.47802197802197793,802.0,210.0
1,Chemoradiotherapy alone,111.24413793103447,0.47802197802197793,803.0,210.0
1,Chemoradiotherapy alone,111.42620689655172,0.47802197802197793,804.0,210.0
1,Chemoradiotherapy alone,111.60827586206898,0.47802197802197793,805.0,210.0
1,Chemoradiotherapy alone,111.79034482758621,0.47802197802197793,806.0,210.0
1,Chemoradiotherapy alone,111.97241379310346,0.47802197802197793,807.0,210.0
1,Chemoradiotherapy alone,112.15448275862069,0.47527472527472525,808.0,210.0
1,Chemoradiotherapy alone,112.33655172413793,0.47527472527472525,809.0,211.0
1,Chemoradiotherapy alone,112.51862068965517,0.47527472527472525,810.0,210.0
1,Chemoradiotherapy alone,112.70068965517241,0.47527472527472525,811.0,210.0
1,Chemoradiotherapy alone,112.88275862068966,0.47527472527472525,812.0,210.0
1,Chemoradiotherapy alone,113.06482758620689,0.47527472527472525,813.0,210.0
1,Chemoradiotherapy alone,113.24689655172415,0.47527472527472525,814.0,210.0
1,Chemoradiotherapy alone,113.42896551724138,0.47527472527472525,815.0,210.0
1,Chemoradiotherapy alone,113.61103448275863,0.47527472527472525,816.0,210.0
1,Chemoradiotherapy alone,113.79310344827586,0.47527472527472525,817.0,210.0
1,Chemoradiotherapy alone,113.9751724137931,0.47527472527472525,818.0,210.0
1,Chemoradiotherapy alone,114.15724137931035,0.47527472527472525,819.0,210.0
1,Chemoradiotherapy alone,114.33931034482758,0.47527472527472525,820.0,210.0
1,Chemoradiotherapy alone,114.52137931034483,0.47527472527472525,821.0,210.0
1,Chemoradiotherapy alone,114.70344827586206,0.47527472527472525,822.0,210.0
1,Chemoradiotherapy alone,114.88551724137932,0.47527472527472525,823.0,210.0
1,Chemoradiotherapy alone,115.06758620689656,0.47527472527472525,824.0,210.0
1,Chemoradiotherapy alone,115.2496551724138,0.47527472527472525,825.0,210.0
1,Chemoradiotherapy alone,115.43172413793104,0.47527472527472525,826.0,210.0
1,Chemoradiotherapy alone,115.61379310344827,0.47527472527472525,827.0,210.0
1,Chemoradiotherapy alone,115.79586206896552,0.47527472527472525,828.0,210.0
1,Chemoradiotherapy alone,115.97793103448275,0.47527472527472525,829.0,210.0
1,Chemoradiotherapy alone,116.16,0.47527472527472525,830.0,210.0
1,Chemoradiotherapy alone,116.34206896551724,0.47527472527472525,831.0,210.0
1,Chemoradiotherapy alone,116.52413793103449,0.47527472527472525,832.0,210.0
1,Chemoradiotherapy alone,116.70620689655173,0.47527472527472525,833.0,210.0
1,Chemoradiotherapy alone,116.88827586206897,0.47527472527472525,834.0,210.0
1,Chemoradiotherapy alone,117.07034482758621,0.47527472527472525,835.0,210.0
1,Chemoradiotherapy alone,117.25241379310344,0.47527472527472525,836.0,210.0
1,Chemoradiotherapy alone,117.43448275862069,0.47527472527472525,837.0,210.0
1,Chemoradiotherapy alone,117.61655172413793,0.47527472527472525,838.0,210.0
1,Chemoradiotherapy alone,117.79862068965517,0.47527472527472525,839.0,210.0
1,Chemoradiotherapy alone,117.98068965517241,0.47527472527472525,840.0,210.0
1,Chemoradiotherapy alone,118.16275862068966,0.47527472527472525,841.0,210.0
1,Chemoradiotherapy alone,118.3448275862069,0.47527472527472525,842.0,210.0
1,Chemoradiotherapy alone,118.52689655172414,0.47527472527472525,843.0,210.0
1,Chemoradiotherapy alone,118.70896551724138,0.47527472527472525,844.0,210.0
1,Chemoradiotherapy alone,118.89103448275863,0.47527472527472525,845.0,210.0
1,Chemoradiotherapy alone,119.07310344827586,0.47527472527472525,846.0,210.0
1,Chemoradiotherapy alone,119.2551724137931,0.47527472527472525,847.0,210.0
1,Chemoradiotherapy alone,119.43724137931034,0.47527472527472525,848.0,210.0
1,Chemoradiotherapy alone,119.61931034482758,0.47527472527472525,849.0,210.0
1,Chemoradiotherapy alone,119.80137931034483,0.47527472527472525,850.0,210.0
1,Chemoradiotherapy alone,119.98344827586207,0.47527472527472525,851.0,210.0
1,Chemoradiotherapy alone,120.16551724137932,0.47527472527472525,852.0,210.0
1,Chemoradiotherapy alone,120.34758620689655,0.47527472527472525,853.0,211.0
1,Chemoradiotherapy alone,120.5296551724138,0.47527472527472525,854.0,210.0
1,Chemoradiotherapy alone,120.71172413793103,0.47527472527472525,855.0,210.0
1,Chemoradiotherapy alone,120.89379310344827,0.47527472527472525,856.0,210.0
1,Chemoradiotherapy alone,121.0758620689655,0.47252747252747246,857.0,210.0
1,Chemoradiotherapy alone,121.25793103448275,0.47252747252747246,858.0,212.0
1,Chemoradiotherapy alone,121.44000000000001,0.47252747252747246,859.0,210.0
1,Chemoradiotherapy alone,121.62206896551724,0.47252747252747246,860.0,210.0
1,Chemoradiotherapy alone,121.80413793103449,0.47252747252747246,861.0,210.0
1,Chemoradiotherapy alone,121.98620689655172,0.47252747252747246,862.0,210.0
1,Chemoradiotherapy alone,122.16827586206897,0.47252747252747246,863.0,210.0
1,Chemoradiotherapy alone,122.35034482758621,0.47252747252747246,864.0,210.0
1,Chemoradiotherapy alone,122.53241379310344,0.47252747252747246,865.0,210.0
2,Induction chemotherapy with chemoradiotherapy,0.0,1.0,215.0,23.0
2,Induction chemotherapy with chemoradiotherapy,4.187586206896552,0.9917582417582418,215.0,23.0
2,Induction chemotherapy with chemoradiotherapy,4.369655172413793,0.9917582417582418,216.0,23.0
2,Induction chemotherapy with chemoradiotherapy,4.551724137931035,0.9917582417582418,217.0,23.0
2,Induction chemotherapy with chemoradiotherapy,4.733793103448275,0.9917582417582418,218.0,23.0
2,Induction chemotherapy with chemoradiotherapy,4.915862068965517,0.9917582417582418,219.0,23.0
2,Induction chemotherapy with chemoradiotherapy,5.097931034482759,0.9917582417582418,220.0,23.0
2,Induction chemotherapy with chemoradiotherapy,5.28,0.9862637362637362,221.0,23.0
2,Induction chemotherapy with chemoradiotherapy,5.462068965517242,0.9862637362637362,222.0,25.0
2,Induction chemotherapy with chemoradiotherapy,5.644137931034482,0.9862637362637362,223.0,25.0
2,Induction chemotherapy with chemoradiotherapy,5.8262068965517235,0.9862637362637362,224.0,25.0
2,Induction chemotherapy with chemoradiotherapy,6.008275862068966,0.9862637362637362,225.0,25.0
2,Induction chemotherapy with chemoradiotherapy,6.190344827586207,0.978021978021978,226.0,25.0
2,Induction chemotherapy with chemoradiotherapy,6.372413793103449,0.978021978021978,227.0,28.0
2,Induction chemotherapy with chemoradiotherapy,6.554482758620689,0.9752747252747253,228.0,28.0
2,Induction chemotherapy with chemoradiotherapy,6.736551724137931,0.9752747252747253,229.0,29.0
2,Induction chemotherapy with chemoradiotherapy,6.918620689655173,0.967032967032967,230.0,29.0
2,Induction chemotherapy with chemoradiotherapy,7.100689655172414,0.967032967032967,231.0,32.0
2,Induction chemotherapy with chemoradiotherapy,7.2827586206896555,0.9642857142857143,232.0,32.0
2,Induction chemotherapy with chemoradiotherapy,7.464827586206896,0.9642857142857143,233.0,33.0
2,Induction chemotherapy with chemoradiotherapy,7.646896551724138,0.9642857142857143,234.0,33.0
2,Induction chemotherapy with chemoradiotherapy,7.82896551724138,0.9642857142857143,235.0,33.0
2,Induction chemotherapy with chemoradiotherapy,8.011034482758621,0.9642857142857143,236.0,33.0
2,Induction chemotherapy with chemoradiotherapy,8.193103448275862,0.9642857142857143,237.0,33.0
2,Induction chemotherapy with chemoradiotherapy,8.375172413793104,0.9642857142857143,238.0,33.0
2,Induction chemotherapy with chemoradiotherapy,8.557241379310344,0.9532967032967034,239.0,33.0
2,Induction chemotherapy with chemoradiotherapy,8.739310344827587,0.9532967032967034,240.0,37.0
2,Induction chemotherapy with chemoradiotherapy,8.921379310344827,0.9532967032967034,241.0,37.0
2,Induction chemotherapy with chemoradiotherapy,9.10344827586207,0.9532967032967034,242.0,37.0
2,Induction chemotherapy with chemoradiotherapy,9.285517241379312,0.9313186813186813,243.0,37.0
2,Induction chemotherapy with chemoradiotherapy,9.46758620689655,0.9313186813186813,244.0,44.0
2,Induction chemotherapy with chemoradiotherapy,9.649655172413793,0.9313186813186813,245.0,45.0
2,Induction chemotherapy with chemoradiotherapy,9.831724137931033,0.9313186813186813,246.0,45.0
2,Induction chemotherapy with chemoradiotherapy,10.013793103448275,0.9258241758241758,247.0,45.0
2,Induction chemotherapy with chemoradiotherapy,10.195862068965518,0.9258241758241758,248.0,47.0
2,Induction chemotherapy with chemoradiotherapy,10.377931034482758,0.9258241758241758,249.0,47.0
2,Induction chemotherapy with chemoradiotherapy,10.56,0.9148351648351648,250.0,47.0
2,Induction chemotherapy with chemoradiotherapy,10.742068965517241,0.9148351648351648,251.0,50.0
2,Induction chemotherapy with chemoradiotherapy,10.924137931034483,0.9148351648351648,252.0,51.0
2,Induction chemotherapy with chemoradiotherapy,11.106206896551726,0.9148351648351648,253.0,51.0
2,Induction chemotherapy with chemoradiotherapy,11.288275862068964,0.9148351648351648,254.0,51.0
2,Induction chemotherapy with chemoradiotherapy,11.470344827586207,0.9093406593406592,255.0,51.0
2,Induction chemotherapy with chemoradiotherapy,11.652413793103447,0.9093406593406592,256.0,53.0
2,Induction chemotherapy with chemoradiotherapy,11.83448275862069,0.9093406593406592,257.0,53.0
2,Induction chemotherapy with chemoradiotherapy,12.016551724137932,0.9093406593406592,258.0,53.0
2,Induction chemotherapy with chemoradiotherapy,12.198620689655172,0.9093406593406592,259.0,53.0
2,Induction chemotherapy with chemoradiotherapy,12.380689655172414,0.9093406593406592,260.0,53.0
2,Induction chemotherapy with chemoradiotherapy,12.562758620689655,0.8983516483516483,261.0,53.0
2,Induction chemotherapy with chemoradiotherapy,12.744827586206897,0.8983516483516483,262.0,57.0
2,Induction chemotherapy with chemoradiotherapy,12.926896551724138,0.8983516483516483,263.0,57.0
2,Induction chemotherapy with chemoradiotherapy,13.108965517241378,0.8818681318681318,264.0,57.0
2,Induction chemotherapy with chemoradiotherapy,13.29103448275862,0.8818681318681318,265.0,63.0
2,Induction chemotherapy with chemoradiotherapy,13.473103448275863,0.8818681318681318,266.0,63.0
2,Induction chemotherapy with chemoradiotherapy,13.655172413793103,0.8818681318681318,267.0,63.0
2,Induction chemotherapy with chemoradiotherapy,13.837241379310345,0.8818681318681318,268.0,63.0
2,Induction chemotherapy with chemoradiotherapy,14.019310344827586,0.8626373626373627,269.0,63.0
2,Induction chemotherapy with chemoradiotherapy,14.201379310344828,0.8626373626373627,270.0,67.0
2,Induction chemotherapy with chemoradiotherapy,14.38344827586207,0.8626373626373627,271.0,68.0
2,Induction chemotherapy with chemoradiotherapy,14.565517241379311,0.8626373626373627,272.0,70.0
2,Induction chemotherapy with chemoradiotherapy,14.747586206896552,0.8626373626373627,273.0,67.0
2,Induction chemotherapy with chemoradiotherapy,14.929655172413792,0.8626373626373627,274.0,67.0
2,Induction chemotherapy with chemoradiotherapy,15.111724137931034,0.8626373626373627,275.0,67.0
2,Induction chemotherapy with chemoradiotherapy,15.293793103448277,0.8626373626373627,276.0,67.0
2,Induction chemotherapy with chemoradiotherapy,15.475862068965517,0.8626373626373627,277.0,67.0
2,Induction chemotherapy with chemoradiotherapy,15.65793103448276,0.8626373626373627,278.0,67.0
2,Induction chemotherapy with chemoradiotherapy,15.84,0.8626373626373627,279.0,67.0
2,Induction chemotherapy with chemoradiotherapy,16.022068965517242,0.8626373626373627,280.0,67.0
2,Induction chemotherapy with chemoradiotherapy,16.204137931034484,0.8626373626373627,281.0,67.0
2,Induction chemotherapy with chemoradiotherapy,16.386206896551723,0.8626373626373627,282.0,67.0
2,Induction chemotherapy with chemoradiotherapy,16.568275862068965,0.8406593406593408,283.0,67.0
2,Induction chemotherapy with chemoradiotherapy,16.750344827586208,0.8406593406593408,284.0,78.0
2,Induction chemotherapy with chemoradiotherapy,16.93241379310345,0.8406593406593408,285.0,78.0
2,Induction chemotherapy with chemoradiotherapy,17.11448275862069,0.8351648351648352,286.0,78.0
2,Induction chemotherapy with chemoradiotherapy,17.29655172413793,0.8351648351648352,287.0,80.0
2,Induction chemotherapy with chemoradiotherapy,17.478620689655173,0.8351648351648352,288.0,80.0
2,Induction chemotherapy with chemoradiotherapy,17.660689655172412,0.8351648351648352,289.0,80.0
2,Induction chemotherapy with chemoradiotherapy,17.842758620689654,0.8351648351648352,290.0,80.0
2,Induction chemotherapy with chemoradiotherapy,18.024827586206897,0.8351648351648352,291.0,80.0
2,Induction chemotherapy with chemoradiotherapy,18.20689655172414,0.8351648351648352,292.0,80.0
2,Induction chemotherapy with chemoradiotherapy,18.388965517241378,0.8351648351648352,293.0,80.0
2,Induction chemotherapy with chemoradiotherapy,18.571034482758623,0.8351648351648352,294.0,80.0
2,Induction chemotherapy with chemoradiotherapy,18.753103448275862,0.8351648351648352,295.0,78.0
2,Induction chemotherapy with chemoradiotherapy,18.9351724137931,0.8351648351648352,296.0,78.0
2,Induction chemotherapy with chemoradiotherapy,19.117241379310347,0.8351648351648352,297.0,80.0
2,Induction chemotherapy with chemoradiotherapy,19.299310344827585,0.8296703296703296,298.0,80.0
2,Induction chemotherapy with chemoradiotherapy,19.481379310344828,0.8296703296703296,299.0,81.0
2,Induction chemotherapy with chemoradiotherapy,19.663448275862066,0.8296703296703296,300.0,82.0
2,Induction chemotherapy with chemoradiotherapy,19.845517241379312,0.8296703296703296,301.0,82.0
2,Induction chemotherapy with chemoradiotherapy,20.02758620689655,0.826923076923077,302.0,82.0
2,Induction chemotherapy with chemoradiotherapy,20.209655172413793,0.826923076923077,303.0,83.0
2,Induction chemotherapy with chemoradiotherapy,20.391724137931035,0.826923076923077,304.0,83.0
2,Induction chemotherapy with chemoradiotherapy,20.573793103448274,0.826923076923077,305.0,83.0
2,Induction chemotherapy with chemoradiotherapy,20.755862068965516,0.826923076923077,306.0,83.0
2,Induction chemotherapy with chemoradiotherapy,20.93793103448276,0.826923076923077,307.0,83.0
2,Induction chemotherapy with chemoradiotherapy,21.12,0.8186813186813187,308.0,83.0
2,Induction chemotherapy with chemoradiotherapy,21.30206896551724,0.8186813186813187,309.0,86.0
2,Induction chemotherapy with chemoradiotherapy,21.484137931034482,0.8104395604395604,310.0,86.0
2,Induction chemotherapy with chemoradiotherapy,21.666206896551724,0.8104395604395604,311.0,89.0
2,Induction chemotherapy with chemoradiotherapy,21.848275862068967,0.8104395604395604,312.0,89.0
2,Induction chemotherapy with chemoradiotherapy,22.030344827586205,0.8049450549450549,313.0,86.0
2,Induction chemotherapy with chemoradiotherapy,22.21241379310345,0.8049450549450549,314.0,91.0
2,Induction chemotherapy with chemoradiotherapy,22.39448275862069,0.8049450549450549,315.0,91.0
2,Induction chemotherapy with chemoradiotherapy,22.57655172413793,0.8049450549450549,316.0,91.0
2,Induction chemotherapy with chemoradiotherapy,22.758620689655174,0.7939560439560439,317.0,91.0
2,Induction chemotherapy with chemoradiotherapy,22.940689655172413,0.7939560439560439,318.0,95.0
2,Induction chemotherapy with chemoradiotherapy,23.122758620689655,0.7939560439560439,319.0,95.0
2,Induction chemotherapy with chemoradiotherapy,23.304827586206894,0.7939560439560439,320.0,95.0
2,Induction chemotherapy with chemoradiotherapy,23.48689655172414,0.7939560439560439,321.0,95.0
2,Induction chemotherapy with chemoradiotherapy,23.66896551724138,0.7939560439560439,322.0,95.0
2,Induction chemotherapy with chemoradiotherapy,23.85103448275862,0.7939560439560439,323.0,95.0
2,Induction chemotherapy with chemoradiotherapy,24.033103448275863,0.7939560439560439,324.0,95.0
2,Induction chemotherapy with chemoradiotherapy,24.215172413793102,0.7939560439560439,325.0,92.0
2,Induction chemotherapy with chemoradiotherapy,24.397241379310344,0.7939560439560439,326.0,92.0
2,Induction chemotherapy with chemoradiotherapy,24.579310344827586,0.7939560439560439,327.0,95.0
2,Induction chemotherapy with chemoradiotherapy,24.76137931034483,0.7939560439560439,328.0,95.0
2,Induction chemotherapy with chemoradiotherapy,24.943448275862067,0.7939560439560439,329.0,95.0
2,Induction chemotherapy with chemoradiotherapy,25.12551724137931,0.7939560439560439,330.0,95.0
2,Induction chemotherapy with chemoradiotherapy,25.307586206896552,0.7939560439560439,331.0,95.0
2,Induction chemotherapy with chemoradiotherapy,25.489655172413794,0.7939560439560439,332.0,95.0
2,Induction chemotherapy with chemoradiotherapy,25.671724137931033,0.7939560439560439,333.0,95.0
2,Induction chemotherapy with chemoradiotherapy,25.853793103448275,0.7939560439560439,334.0,95.0
2,Induction chemotherapy with chemoradiotherapy,26.035862068965518,0.7939560439560439,335.0,95.0
2,Induction chemotherapy with chemoradiotherapy,26.217931034482756,0.7939560439560439,336.0,95.0
2,Induction chemotherapy with chemoradiotherapy,26.400000000000002,0.7939560439560439,337.0,95.0
2,Induction chemotherapy with chemoradiotherapy,26.58206896551724,0.7857142857142857,338.0,95.0
2,Induction chemotherapy with chemoradiotherapy,26.764137931034483,0.7857142857142857,339.0,98.0
2,Induction chemotherapy with chemoradiotherapy,26.946206896551725,0.7857142857142857,340.0,98.0
2,Induction chemotherapy with chemoradiotherapy,27.128275862068968,0.7857142857142857,341.0,98.0
2,Induction chemotherapy with chemoradiotherapy,27.310344827586206,0.7692307692307692,342.0,98.0
2,Induction chemotherapy with chemoradiotherapy,27.492413793103445,0.7692307692307692,343.0,104.0
2,Induction chemotherapy with chemoradiotherapy,27.67448275862069,0.7692307692307692,344.0,103.0
2,Induction chemotherapy with chemoradiotherapy,27.85655172413793,0.7692307692307692,345.0,102.0
2,Induction chemotherapy with chemoradiotherapy,28.038620689655172,0.7692307692307692,346.0,103.0
2,Induction chemotherapy with chemoradiotherapy,28.220689655172414,0.7692307692307692,347.0,103.0
2,Induction chemotherapy with chemoradiotherapy,28.402758620689657,0.7582417582417582,348.0,103.0
2,Induction chemotherapy with chemoradiotherapy,28.584827586206895,0.7582417582417582,349.0,106.0
2,Induction chemotherapy with chemoradiotherapy,28.76689655172414,0.7582417582417582,350.0,107.0
2,Induction chemotherapy with chemoradiotherapy,28.94896551724138,0.7582417582417582,351.0,108.0
2,Induction chemotherapy with chemoradiotherapy,29.131034482758622,0.7554945054945056,352.0,108.0
2,Induction chemotherapy with chemoradiotherapy,29.31310344827586,0.7554945054945056,353.0,109.0
2,Induction chemotherapy with chemoradiotherapy,29.495172413793103,0.7554945054945056,354.0,108.0
2,Induction chemotherapy with chemoradiotherapy,29.677241379310345,0.7554945054945056,355.0,108.0
2,Induction chemotherapy with chemoradiotherapy,29.859310344827584,0.7554945054945056,356.0,108.0
2,Induction chemotherapy with chemoradiotherapy,30.04137931034483,0.7554945054945056,357.0,108.0
2,Induction chemotherapy with chemoradiotherapy,30.22344827586207,0.7554945054945056,358.0,109.0
2,Induction chemotherapy with chemoradiotherapy,30.40551724137931,0.7554945054945056,359.0,109.0
2,Induction chemotherapy with chemoradiotherapy,30.587586206896553,0.7554945054945056,360.0,109.0
2,Induction chemotherapy with chemoradiotherapy,30.769655172413795,0.7554945054945056,361.0,109.0
2,Induction chemotherapy with chemoradiotherapy,30.951724137931034,0.7554945054945056,362.0,108.0
2,Induction chemotherapy with chemoradiotherapy,31.133793103448273,0.7554945054945056,363.0,108.0
2,Induction chemotherapy with chemoradiotherapy,31.31586206896552,0.7554945054945056,364.0,108.0
2,Induction chemotherapy with chemoradiotherapy,31.497931034482757,0.7554945054945056,365.0,108.0
2,Induction chemotherapy with chemoradiotherapy,31.68,0.7554945054945056,366.0,108.0
2,Induction chemotherapy with chemoradiotherapy,31.862068965517242,0.7554945054945056,367.0,108.0
2,Induction chemotherapy with chemoradiotherapy,32.044137931034484,0.7554945054945056,368.0,108.0
2,Induction chemotherapy with chemoradiotherapy,32.22620689655172,0.7554945054945056,369.0,108.0
2,Induction chemotherapy with chemoradiotherapy,32.40827586206897,0.7554945054945056,370.0,108.0
2,Induction chemotherapy with chemoradiotherapy,32.59034482758621,0.7554945054945056,371.0,108.0
2,Induction chemotherapy with chemoradiotherapy,32.772413793103446,0.7554945054945056,372.0,108.0
2,Induction chemotherapy with chemoradiotherapy,32.954482758620685,0.7554945054945056,373.0,109.0
2,Induction chemotherapy with chemoradiotherapy,33.13655172413793,0.75,374.0,109.0
2,Induction chemotherapy with chemoradiotherapy,33.31862068965518,0.75,375.0,111.0
2,Induction chemotherapy with chemoradiotherapy,33.500689655172415,0.75,376.0,111.0
2,Induction chemotherapy with chemoradiotherapy,33.682758620689654,0.75,377.0,111.0
2,Induction chemotherapy with chemoradiotherapy,33.8648275862069,0.75,378.0,110.0
2,Induction chemotherapy with chemoradiotherapy,34.04689655172414,0.75,379.0,110.0
2,Induction chemotherapy with chemoradiotherapy,34.22896551724138,0.75,380.0,110.0
2,Induction chemotherapy with chemoradiotherapy,34.411034482758616,0.75,381.0,110.0
2,Induction chemotherapy with chemoradiotherapy,34.59310344827586,0.75,382.0,110.0
2,Induction chemotherapy with chemoradiotherapy,34.77517241379311,0.75,383.0,110.0
2,Induction chemotherapy with chemoradiotherapy,34.95724137931035,0.75,384.0,110.0
2,Induction chemotherapy with chemoradiotherapy,35.139310344827585,0.7417582417582418,385.0,111.0
2,Induction chemotherapy with chemoradiotherapy,35.321379310344824,0.7417582417582418,386.0,112.0
2,Induction chemotherapy with chemoradiotherapy,35.50344827586207,0.7417582417582418,387.0,114.0
2,Induction chemotherapy with chemoradiotherapy,35.68551724137931,0.7417582417582418,388.0,114.0
2,Induction chemotherapy with chemoradiotherapy,35.867586206896554,0.7417582417582418,389.0,112.0
2,Induction chemotherapy with chemoradiotherapy,36.04965517241379,0.7417582417582418,390.0,112.0
2,Induction chemotherapy with chemoradiotherapy,36.23172413793103,0.7417582417582418,391.0,112.0
2,Induction chemotherapy with chemoradiotherapy,36.41379310344828,0.7417582417582418,392.0,112.0
2,Induction chemotherapy with chemoradiotherapy,36.595862068965516,0.7390109890109889,393.0,114.0
2,Induction chemotherapy with chemoradiotherapy,36.777931034482755,0.7390109890109889,394.0,115.0
2,Induction chemotherapy with chemoradiotherapy,36.96,0.7390109890109889,395.0,115.0
2,Induction chemotherapy with chemoradiotherapy,37.14206896551725,0.7390109890109889,396.0,115.0
2,Induction chemotherapy with chemoradiotherapy,37.324137931034485,0.7390109890109889,397.0,115.0
2,Induction chemotherapy with chemoradiotherapy,37.506206896551724,0.7362637362637362,398.0,115.0
2,Induction chemotherapy with chemoradiotherapy,37.68827586206896,0.7362637362637362,399.0,116.0
2,Induction chemotherapy with chemoradiotherapy,37.8703448275862,0.7362637362637362,400.0,116.0
2,Induction chemotherapy with chemoradiotherapy,38.05241379310345,0.7362637362637362,401.0,116.0
2,Induction chemotherapy with chemoradiotherapy,38.23448275862069,0.7362637362637362,402.0,116.0
2,Induction chemotherapy with chemoradiotherapy,38.41655172413793,0.7362637362637362,403.0,116.0
2,Induction chemotherapy with chemoradiotherapy,38.59862068965517,0.7362637362637362,404.0,116.0
2,Induction chemotherapy with chemoradiotherapy,38.78068965517242,0.7307692307692308,405.0,116.0
2,Induction chemotherapy with chemoradiotherapy,38.962758620689655,0.7307692307692308,406.0,118.0
2,Induction chemotherapy with chemoradiotherapy,39.144827586206894,0.7307692307692308,407.0,118.0
2,Induction chemotherapy with chemoradiotherapy,39.32689655172413,0.7307692307692308,408.0,118.0
2,Induction chemotherapy with chemoradiotherapy,39.50896551724138,0.7307692307692308,409.0,118.0
2,Induction chemotherapy with chemoradiotherapy,39.691034482758624,0.7307692307692308,410.0,118.0
2,Induction chemotherapy with chemoradiotherapy,39.87310344827586,0.7307692307692308,411.0,118.0
2,Induction chemotherapy with chemoradiotherapy,40.0551724137931,0.7307692307692308,412.0,118.0
2,Induction chemotherapy with chemoradiotherapy,40.23724137931034,0.7307692307692308,413.0,118.0
2,Induction chemotherapy with chemoradiotherapy,40.419310344827586,0.7307692307692308,414.0,115.0
2,Induction chemotherapy with chemoradiotherapy,40.60137931034483,0.7307692307692308,415.0,115.0
2,Induction chemotherapy with chemoradiotherapy,40.78344827586207,0.7307692307692308,416.0,115.0
2,Induction chemotherapy with chemoradiotherapy,40.96551724137931,0.7307692307692308,417.0,115.0
2,Induction chemotherapy with chemoradiotherapy,41.14758620689655,0.7307692307692308,418.0,115.0
2,Induction chemotherapy with chemoradiotherapy,41.329655172413794,0.7307692307692308,419.0,115.0
2,Induction chemotherapy with chemoradiotherapy,41.51172413793103,0.7307692307692308,420.0,115.0
2,Induction chemotherapy with chemoradiotherapy,41.69379310344827,0.7307692307692308,421.0,115.0
2,Induction chemotherapy with chemoradiotherapy,41.87586206896552,0.7307692307692308,422.0,115.0
2,Induction chemotherapy with chemoradiotherapy,42.05793103448276,0.7307692307692308,423.0,115.0
2,Induction chemotherapy with chemoradiotherapy,42.24,0.7307692307692308,424.0,115.0
2,Induction chemotherapy with chemoradiotherapy,42.42206896551724,0.7307692307692308,425.0,115.0
2,Induction chemotherapy with chemoradiotherapy,42.60413793103448,0.7307692307692308,426.0,115.0
2,Induction chemotherapy with chemoradiotherapy,42.78620689655172,0.7307692307692308,427.0,115.0
2,Induction chemotherapy with chemoradiotherapy,42.968275862068964,0.7307692307692308,428.0,115.0
2,Induction chemotherapy with chemoradiotherapy,43.15034482758621,0.7307692307692308,429.0,115.0
2,Induction chemotherapy with chemoradiotherapy,43.33241379310345,0.7307692307692308,430.0,115.0
2,Induction chemotherapy with chemoradiotherapy,43.51448275862069,0.7307692307692308,431.0,115.0
2,Induction chemotherapy with chemoradiotherapy,43.69655172413793,0.7307692307692308,432.0,115.0
2,Induction chemotherapy with chemoradiotherapy,43.87862068965517,0.7307692307692308,433.0,115.0
2,Induction chemotherapy with chemoradiotherapy,44.06068965517241,0.7307692307692308,434.0,115.0
2,Induction chemotherapy with chemoradiotherapy,44.242758620689656,0.7307692307692308,435.0,115.0
2,Induction chemotherapy with chemoradiotherapy,44.4248275862069,0.7307692307692308,436.0,115.0
2,Induction chemotherapy with chemoradiotherapy,44.60689655172414,0.7307692307692308,437.0,115.0
2,Induction chemotherapy with chemoradiotherapy,44.78896551724138,0.7307692307692308,438.0,114.0
2,Induction chemotherapy with chemoradiotherapy,44.97103448275862,0.7307692307692308,439.0,114.0
2,Induction chemotherapy with chemoradiotherapy,45.15310344827586,0.7307692307692308,440.0,114.0
2,Induction chemotherapy with chemoradiotherapy,45.3351724137931,0.7307692307692308,441.0,114.0
2,Induction chemotherapy with chemoradiotherapy,45.51724137931035,0.7307692307692308,442.0,114.0
2,Induction chemotherapy with chemoradiotherapy,45.69931034482759,0.7307692307692308,443.0,114.0
2,Induction chemotherapy with chemoradiotherapy,45.881379310344826,0.7307692307692308,444.0,114.0
2,Induction chemotherapy with chemoradiotherapy,46.06344827586207,0.7307692307692308,445.0,114.0
2,Induction chemotherapy with chemoradiotherapy,46.24551724137931,0.7307692307692308,446.0,114.0
2,Induction chemotherapy with chemoradiotherapy,46.42758620689655,0.7307692307692308,447.0,118.0
2,Induction chemotherapy with chemoradiotherapy,46.60965517241379,0.7307692307692308,448.0,118.0
2,Induction chemotherapy with chemoradiotherapy,46.791724137931034,0.7307692307692308,449.0,118.0
2,Induction chemotherapy with chemoradiotherapy,46.97379310344828,0.7280219780219781,450.0,118.0
2,Induction chemotherapy with chemoradiotherapy,47.15586206896552,0.7280219780219781,451.0,119.0
2,Induction chemotherapy with chemoradiotherapy,47.33793103448276,0.7280219780219781,452.0,119.0
2,Induction chemotherapy with chemoradiotherapy,47.519999999999996,0.7280219780219781,453.0,119.0
2,Induction chemotherapy with chemoradiotherapy,47.70206896551724,0.7280219780219781,454.0,119.0
2,Induction chemotherapy with chemoradiotherapy,47.88413793103449,0.7280219780219781,455.0,119.0
2,Induction chemotherapy with chemoradiotherapy,48.066206896551726,0.7280219780219781,456.0,119.0
2,Induction chemotherapy with chemoradiotherapy,48.248275862068965,0.7280219780219781,457.0,119.0
2,Induction chemotherapy with chemoradiotherapy,48.430344827586204,0.7280219780219781,458.0,117.0
2,Induction chemotherapy with chemoradiotherapy,48.61241379310345,0.7280219780219781,459.0,117.0
2,Induction chemotherapy with chemoradiotherapy,48.79448275862069,0.7280219780219781,460.0,119.0
2,Induction chemotherapy with chemoradiotherapy,48.97655172413793,0.7252747252747253,461.0,119.0
2,Induction chemotherapy with chemoradiotherapy,49.15862068965517,0.7252747252747253,462.0,120.0
2,Induction chemotherapy with chemoradiotherapy,49.34068965517242,0.7252747252747253,463.0,120.0
2,Induction chemotherapy with chemoradiotherapy,49.52275862068966,0.7252747252747253,464.0,120.0
2,Induction chemotherapy with chemoradiotherapy,49.704827586206896,0.7252747252747253,465.0,120.0
2,Induction chemotherapy with chemoradiotherapy,49.886896551724135,0.7252747252747253,466.0,119.0
2,Induction chemotherapy with chemoradiotherapy,50.068965517241374,0.7252747252747253,467.0,120.0
2,Induction chemotherapy with chemoradiotherapy,50.25103448275862,0.7252747252747253,468.0,120.0
2,Induction chemotherapy with chemoradiotherapy,50.433103448275865,0.7252747252747253,469.0,120.0
2,Induction chemotherapy with chemoradiotherapy,50.615172413793104,0.7252747252747253,470.0,120.0
2,Induction chemotherapy with chemoradiotherapy,50.79724137931034,0.7197802197802199,471.0,120.0
2,Induction chemotherapy with chemoradiotherapy,50.97931034482759,0.7197802197802199,472.0,122.0
2,Induction chemotherapy with chemoradiotherapy,51.16137931034483,0.7197802197802199,473.0,122.0
2,Induction chemotherapy with chemoradiotherapy,51.343448275862066,0.7197802197802199,474.0,122.0
2,Induction chemotherapy with chemoradiotherapy,51.52551724137931,0.7197802197802199,475.0,122.0
2,Induction chemotherapy with chemoradiotherapy,51.70758620689655,0.7197802197802199,476.0,122.0
2,Induction chemotherapy with chemoradiotherapy,51.889655172413796,0.7197802197802199,477.0,122.0
2,Induction chemotherapy with chemoradiotherapy,52.071724137931035,0.7197802197802199,478.0,122.0
2,Induction chemotherapy with chemoradiotherapy,52.253793103448274,0.7197802197802199,479.0,122.0
2,Induction chemotherapy with chemoradiotherapy,52.43586206896551,0.7197802197802199,480.0,122.0
2,Induction chemotherapy with chemoradiotherapy,52.61793103448276,0.7197802197802199,481.0,122.0
2,Induction chemotherapy with chemoradiotherapy,52.800000000000004,0.7197802197802199,482.0,122.0
2,Induction chemotherapy with chemoradiotherapy,52.98206896551724,0.7197802197802199,483.0,122.0
2,Induction chemotherapy with chemoradiotherapy,53.16413793103448,0.7197802197802199,484.0,122.0
2,Induction chemotherapy with chemoradiotherapy,53.34620689655172,0.7197802197802199,485.0,122.0
2,Induction chemotherapy with chemoradiotherapy,53.528275862068966,0.7197802197802199,486.0,122.0
2,Induction chemotherapy with chemoradiotherapy,53.710344827586205,0.7197802197802199,487.0,122.0
2,Induction chemotherapy with chemoradiotherapy,53.89241379310345,0.717032967032967,488.0,122.0
2,Induction chemotherapy with chemoradiotherapy,54.07448275862069,0.717032967032967,489.0,123.0
2,Induction chemotherapy with chemoradiotherapy,54.256551724137935,0.717032967032967,490.0,123.0
2,Induction chemotherapy with chemoradiotherapy,54.438620689655174,0.717032967032967,491.0,123.0
2,Induction chemotherapy with chemoradiotherapy,54.62068965517241,0.717032967032967,492.0,123.0
2,Induction chemotherapy with chemoradiotherapy,54.80275862068965,0.717032967032967,493.0,123.0
2,Induction chemotherapy with chemoradiotherapy,54.98482758620689,0.717032967032967,494.0,123.0
2,Induction chemotherapy with chemoradiotherapy,55.16689655172414,0.717032967032967,495.0,123.0
2,Induction chemotherapy with chemoradiotherapy,55.34896551724138,0.717032967032967,496.0,123.0
2,Induction chemotherapy with chemoradiotherapy,55.53103448275862,0.717032967032967,497.0,123.0
2,Induction chemotherapy with chemoradiotherapy,55.71310344827586,0.717032967032967,498.0,122.0
2,Induction chemotherapy with chemoradiotherapy,55.895172413793105,0.717032967032967,499.0,122.0
2,Induction chemotherapy with chemoradiotherapy,56.077241379310344,0.717032967032967,500.0,122.0
2,Induction chemotherapy with chemoradiotherapy,56.25931034482758,0.717032967032967,501.0,122.0
2,Induction chemotherapy with chemoradiotherapy,56.44137931034483,0.717032967032967,502.0,122.0
2,Induction chemotherapy with chemoradiotherapy,56.623448275862074,0.717032967032967,503.0,122.0
2,Induction chemotherapy with chemoradiotherapy,56.80551724137931,0.717032967032967,504.0,122.0
2,Induction chemotherapy with chemoradiotherapy,56.98758620689655,0.717032967032967,505.0,123.0
2,Induction chemotherapy with chemoradiotherapy,57.16965517241379,0.717032967032967,506.0,123.0
2,Induction chemotherapy with chemoradiotherapy,57.35172413793103,0.717032967032967,507.0,122.0
2,Induction chemotherapy with chemoradiotherapy,57.53379310344828,0.7115384615384616,508.0,122.0
2,Induction chemotherapy with chemoradiotherapy,57.71586206896552,0.7115384615384616,509.0,125.0
2,Induction chemotherapy with chemoradiotherapy,57.89793103448276,0.7115384615384616,510.0,125.0
2,Induction chemotherapy with chemoradiotherapy,58.08,0.7115384615384616,511.0,125.0
2,Induction chemotherapy with chemoradiotherapy,58.262068965517244,0.7115384615384616,512.0,125.0
2,Induction chemotherapy with chemoradiotherapy,58.44413793103448,0.7115384615384616,513.0,125.0
2,Induction chemotherapy with chemoradiotherapy,58.62620689655172,0.7115384615384616,514.0,125.0
2,Induction chemotherapy with chemoradiotherapy,58.80827586206897,0.7115384615384616,515.0,125.0
2,Induction chemotherapy with chemoradiotherapy,58.990344827586206,0.7115384615384616,516.0,125.0
2,Induction chemotherapy with chemoradiotherapy,59.17241379310345,0.7115384615384616,517.0,125.0
2,Induction chemotherapy with chemoradiotherapy,59.35448275862069,0.7115384615384616,518.0,125.0
2,Induction chemotherapy with chemoradiotherapy,59.53655172413793,0.7115384615384616,519.0,125.0
2,Induction chemotherapy with chemoradiotherapy,59.71862068965517,0.7115384615384616,520.0,125.0
2,Induction chemotherapy with chemoradiotherapy,59.900689655172414,0.7115384615384616,521.0,125.0
2,Induction chemotherapy with chemoradiotherapy,60.08275862068966,0.7115384615384616,522.0,125.0
2,Induction chemotherapy with chemoradiotherapy,60.2648275862069,0.7115384615384616,523.0,125.0
2,Induction chemotherapy with chemoradiotherapy,60.44689655172414,0.7115384615384616,524.0,125.0
2,Induction chemotherapy with chemoradiotherapy,60.628965517241376,0.7115384615384616,525.0,125.0
2,Induction chemotherapy with chemoradiotherapy,60.81103448275862,0.7060439560439561,526.0,125.0
2,Induction chemotherapy with chemoradiotherapy,60.99310344827586,0.7060439560439561,527.0,127.0
2,Induction chemotherapy with chemoradiotherapy,61.175172413793106,0.7060439560439561,528.0,127.0
2,Induction chemotherapy with chemoradiotherapy,61.357241379310345,0.7060439560439561,529.0,127.0
2,Induction chemotherapy with chemoradiotherapy,61.53931034482759,0.7060439560439561,530.0,125.0
2,Induction chemotherapy with chemoradiotherapy,61.72137931034483,0.7060439560439561,531.0,125.0
2,Induction chemotherapy with chemoradiotherapy,61.90344827586207,0.7060439560439561,532.0,125.0
2,Induction chemotherapy with chemoradiotherapy,62.08551724137931,0.7060439560439561,533.0,125.0
2,Induction chemotherapy with chemoradiotherapy,62.267586206896546,0.7060439560439561,534.0,125.0
2,Induction chemotherapy with chemoradiotherapy,62.4496551724138,0.7060439560439561,535.0,125.0
2,Induction chemotherapy with chemoradiotherapy,62.63172413793104,0.7060439560439561,536.0,125.0
2,Induction chemotherapy with chemoradiotherapy,62.813793103448276,0.7060439560439561,537.0,125.0
2,Induction chemotherapy with chemoradiotherapy,62.995862068965515,0.7060439560439561,538.0,125.0
2,Induction chemotherapy with chemoradiotherapy,63.17793103448276,0.7060439560439561,539.0,125.0
2,Induction chemotherapy with chemoradiotherapy,63.36,0.7060439560439561,540.0,125.0
2,Induction chemotherapy with chemoradiotherapy,63.54206896551724,0.7060439560439561,541.0,125.0
2,Induction chemotherapy with chemoradiotherapy,63.724137931034484,0.7060439560439561,542.0,125.0
2,Induction chemotherapy with chemoradiotherapy,63.90620689655172,0.7060439560439561,543.0,125.0
2,Induction chemotherapy with chemoradiotherapy,64.08827586206897,0.7060439560439561,544.0,125.0
2,Induction chemotherapy with chemoradiotherapy,64.2703448275862,0.7060439560439561,545.0,125.0
2,Induction chemotherapy with chemoradiotherapy,64.45241379310345,0.7060439560439561,546.0,127.0
2,Induction chemotherapy with chemoradiotherapy,64.63448275862069,0.7060439560439561,547.0,126.0
2,Induction chemotherapy with chemoradiotherapy,64.81655172413794,0.7060439560439561,548.0,125.0
2,Induction chemotherapy with chemoradiotherapy,64.99862068965517,0.7060439560439561,549.0,125.0
2,Induction chemotherapy with chemoradiotherapy,65.18068965517242,0.7060439560439561,550.0,125.0
2,Induction chemotherapy with chemoradiotherapy,65.36275862068966,0.7060439560439561,551.0,125.0
2,Induction chemotherapy with chemoradiotherapy,65.54482758620689,0.7060439560439561,552.0,125.0
2,Induction chemotherapy with chemoradiotherapy,65.72689655172414,0.7060439560439561,553.0,125.0
2,Induction chemotherapy with chemoradiotherapy,65.90896551724137,0.7060439560439561,554.0,125.0
2,Induction chemotherapy with chemoradiotherapy,66.09103448275863,0.7060439560439561,555.0,127.0
2,Induction chemotherapy with chemoradiotherapy,66.27310344827586,0.7060439560439561,556.0,127.0
2,Induction chemotherapy with chemoradiotherapy,66.45517241379311,0.7060439560439561,557.0,127.0
2,Induction chemotherapy with chemoradiotherapy,66.63724137931035,0.7060439560439561,558.0,125.0
2,Induction chemotherapy with chemoradiotherapy,66.81931034482758,0.7060439560439561,559.0,125.0
2,Induction chemotherapy with chemoradiotherapy,67.00137931034483,0.7060439560439561,560.0,125.0
2,Induction chemotherapy with chemoradiotherapy,67.18344827586206,0.7060439560439561,561.0,125.0
2,Induction chemotherapy with chemoradiotherapy,67.36551724137931,0.7060439560439561,562.0,125.0
2,Induction chemotherapy with chemoradiotherapy,67.54758620689654,0.7060439560439561,563.0,125.0
2,Induction chemotherapy with chemoradiotherapy,67.7296551724138,0.7060439560439561,564.0,127.0
2,Induction chemotherapy with chemoradiotherapy,67.91172413793105,0.7060439560439561,565.0,125.0
2,Induction chemotherapy with chemoradiotherapy,68.09379310344828,0.7060439560439561,566.0,125.0
2,Induction chemotherapy with chemoradiotherapy,68.27586206896552,0.7060439560439561,567.0,125.0
2,Induction chemotherapy with chemoradiotherapy,68.45793103448275,0.7060439560439561,568.0,125.0
2,Induction chemotherapy with chemoradiotherapy,68.64,0.7060439560439561,569.0,127.0
2,Induction chemotherapy with chemoradiotherapy,68.82206896551723,0.7060439560439561,570.0,125.0
2,Induction chemotherapy with chemoradiotherapy,69.00413793103448,0.7060439560439561,571.0,125.0
2,Induction chemotherapy with chemoradiotherapy,69.18620689655172,0.7060439560439561,572.0,126.0
2,Induction chemotherapy with chemoradiotherapy,69.36827586206897,0.7060439560439561,573.0,126.0
2,Induction chemotherapy with chemoradiotherapy,69.55034482758622,0.7060439560439561,574.0,126.0
2,Induction chemotherapy with chemoradiotherapy,69.73241379310345,0.7060439560439561,575.0,126.0
2,Induction chemotherapy with chemoradiotherapy,69.9144827586207,0.7060439560439561,576.0,126.0
2,Induction chemotherapy with chemoradiotherapy,70.09655172413792,0.7060439560439561,577.0,126.0
2,Induction chemotherapy with chemoradiotherapy,70.27862068965517,0.7060439560439561,578.0,124.0
2,Induction chemotherapy with chemoradiotherapy,70.46068965517242,0.7060439560439561,579.0,124.0
2,Induction chemotherapy with chemoradiotherapy,70.64275862068965,0.7060439560439561,580.0,125.0
2,Induction chemotherapy with chemoradiotherapy,70.8248275862069,0.7060439560439561,581.0,125.0
2,Induction chemotherapy with chemoradiotherapy,71.00689655172414,0.7060439560439561,582.0,125.0
2,Induction chemotherapy with chemoradiotherapy,71.18896551724139,0.7060439560439561,583.0,125.0
2,Induction chemotherapy with chemoradiotherapy,71.37103448275862,0.7060439560439561,584.0,125.0
2,Induction chemotherapy with chemoradiotherapy,71.55310344827586,0.7060439560439561,585.0,125.0
2,Induction chemotherapy with chemoradiotherapy,71.73517241379311,0.7060439560439561,586.0,125.0
2,Induction chemotherapy with chemoradiotherapy,71.91724137931034,0.7060439560439561,587.0,125.0
2,Induction chemotherapy with chemoradiotherapy,72.09931034482759,0.7060439560439561,588.0,125.0
2,Induction chemotherapy with chemoradiotherapy,72.28137931034482,0.7060439560439561,589.0,125.0
2,Induction chemotherapy with chemoradiotherapy,72.46344827586206,0.7060439560439561,590.0,125.0
2,Induction chemotherapy with chemoradiotherapy,72.64551724137931,0.7060439560439561,591.0,125.0
2,Induction chemotherapy with chemoradiotherapy,72.82758620689656,0.7060439560439561,592.0,125.0
2,Induction chemotherapy with chemoradiotherapy,73.0096551724138,0.7060439560439561,593.0,125.0
2,Induction chemotherapy with chemoradiotherapy,73.19172413793103,0.7060439560439561,594.0,125.0
2,Induction chemotherapy with chemoradiotherapy,73.37379310344828,0.7060439560439561,595.0,125.0
2,Induction chemotherapy with chemoradiotherapy,73.55586206896551,0.7060439560439561,596.0,127.0
2,Induction chemotherapy with chemoradiotherapy,73.73793103448276,0.7060439560439561,597.0,125.0
2,Induction chemotherapy with chemoradiotherapy,73.92,0.7060439560439561,598.0,125.0
2,Induction chemotherapy with chemoradiotherapy,74.10206896551723,0.7060439560439561,599.0,125.0
2,Induction chemotherapy with chemoradiotherapy,74.2841379310345,0.7060439560439561,600.0,124.0
2,Induction chemotherapy with chemoradiotherapy,74.46620689655172,0.7060439560439561,601.0,124.0
2,Induction chemotherapy with chemoradiotherapy,74.64827586206897,0.7060439560439561,602.0,124.0
2,Induction chemotherapy with chemoradiotherapy,74.8303448275862,0.7060439560439561,603.0,124.0
2,Induction chemotherapy with chemoradiotherapy,75.01241379310345,0.7060439560439561,604.0,124.0
2,Induction chemotherapy with chemoradiotherapy,75.1944827586207,0.7060439560439561,605.0,127.0
2,Induction chemotherapy with chemoradiotherapy,75.37655172413793,0.7060439560439561,606.0,127.0
2,Induction chemotherapy with chemoradiotherapy,75.55862068965517,0.7060439560439561,607.0,125.0
2,Induction chemotherapy with chemoradiotherapy,75.7406896551724,0.7060439560439561,608.0,125.0
2,Induction chemotherapy with chemoradiotherapy,75.92275862068966,0.7060439560439561,609.0,125.0
2,Induction chemotherapy with chemoradiotherapy,76.1048275862069,0.7060439560439561,610.0,125.0
2,Induction chemotherapy with chemoradiotherapy,76.28689655172414,0.7060439560439561,611.0,125.0
2,Induction chemotherapy with chemoradiotherapy,76.46896551724139,0.7060439560439561,612.0,125.0
2,Induction chemotherapy with chemoradiotherapy,76.65103448275862,0.7060439560439561,613.0,123.0
2,Induction chemotherapy with chemoradiotherapy,76.83310344827586,0.7060439560439561,614.0,123.0
2,Induction chemotherapy with chemoradiotherapy,77.0151724137931,0.7060439560439561,615.0,125.0
2,Induction chemotherapy with chemoradiotherapy,77.19724137931034,0.7060439560439561,616.0,125.0
2,Induction chemotherapy with chemoradiotherapy,77.37931034482757,0.7060439560439561,617.0,125.0
2,Induction chemotherapy with chemoradiotherapy,77.56137931034483,0.7060439560439561,618.0,125.0
2,Induction chemotherapy with chemoradiotherapy,77.74344827586208,0.7060439560439561,619.0,125.0
2,Induction chemotherapy with chemoradiotherapy,77.92551724137931,0.7060439560439561,620.0,125.0
2,Induction chemotherapy with chemoradiotherapy,78.10758620689656,0.7060439560439561,621.0,125.0
2,Induction chemotherapy with chemoradiotherapy,78.28965517241379,0.7060439560439561,622.0,125.0
2,Induction chemotherapy with chemoradiotherapy,78.47172413793103,0.7060439560439561,623.0,125.0
2,Induction chemotherapy with chemoradiotherapy,78.65379310344827,0.7060439560439561,624.0,125.0
2,Induction chemotherapy with chemoradiotherapy,78.83586206896551,0.7060439560439561,625.0,126.0
2,Induction chemotherapy with chemoradiotherapy,79.01793103448276,0.7060439560439561,626.0,126.0
2,Induction chemotherapy with chemoradiotherapy,79.2,0.7060439560439561,627.0,126.0
2,Induction chemotherapy with chemoradiotherapy,79.38206896551725,0.7060439560439561,628.0,125.0
2,Induction chemotherapy with chemoradiotherapy,79.56413793103448,0.7060439560439561,629.0,125.0
2,Induction chemotherapy with chemoradiotherapy,79.74620689655173,0.7060439560439561,630.0,125.0
2,Induction chemotherapy with chemoradiotherapy,79.92827586206897,0.7060439560439561,631.0,125.0
2,Induction chemotherapy with chemoradiotherapy,80.1103448275862,0.7060439560439561,632.0,125.0
2,Induction chemotherapy with chemoradiotherapy,80.29241379310345,0.7060439560439561,633.0,127.0
2,Induction chemotherapy with chemoradiotherapy,80.47448275862068,0.7060439560439561,634.0,127.0
2,Induction chemotherapy with chemoradiotherapy,80.65655172413793,0.7060439560439561,635.0,125.0
2,Induction chemotherapy with chemoradiotherapy,80.83862068965517,0.7060439560439561,636.0,125.0
2,Induction chemotherapy with chemoradiotherapy,81.02068965517242,0.7060439560439561,637.0,125.0
2,Induction chemotherapy with chemoradiotherapy,81.20275862068966,0.7060439560439561,638.0,125.0
2,Induction chemotherapy with chemoradiotherapy,81.3848275862069,0.7060439560439561,639.0,125.0
2,Induction chemotherapy with chemoradiotherapy,81.56689655172414,0.7060439560439561,640.0,40.0
2,Induction chemotherapy with chemoradiotherapy,81.74896551724137,0.7060439560439561,641.0,40.0
2,Induction chemotherapy with chemoradiotherapy,81.93103448275862,0.7060439560439561,642.0,125.0
2,Induction chemotherapy with chemoradiotherapy,82.11310344827585,0.7060439560439561,643.0,125.0
2,Induction chemotherapy with chemoradiotherapy,82.2951724137931,0.7060439560439561,644.0,124.0
2,Induction chemotherapy with chemoradiotherapy,82.47724137931036,0.7060439560439561,645.0,40.0
2,Induction chemotherapy with chemoradiotherapy,82.65931034482759,0.7060439560439561,646.0,40.0
2,Induction chemotherapy with chemoradiotherapy,82.84137931034483,0.7060439560439561,647.0,40.0
2,Induction chemotherapy with chemoradiotherapy,83.02344827586207,0.7060439560439561,648.0,125.0
2,Induction chemotherapy with chemoradiotherapy,83.20551724137931,0.7060439560439561,649.0,40.0
2,Induction chemotherapy with chemoradiotherapy,83.38758620689654,0.7060439560439561,650.0,125.0
2,Induction chemotherapy with chemoradiotherapy,83.56965517241379,0.7060439560439561,651.0,125.0
2,Induction chemotherapy with chemoradiotherapy,83.75172413793103,0.7060439560439561,652.0,40.0
2,Induction chemotherapy with chemoradiotherapy,83.93379310344827,0.7060439560439561,653.0,40.0
2,Induction chemotherapy with chemoradiotherapy,84.11586206896553,0.7060439560439561,654.0,40.0
2,Induction chemotherapy with chemoradiotherapy,84.29793103448276,0.7060439560439561,655.0,125.0
2,Induction chemotherapy with chemoradiotherapy,84.48,0.7060439560439561,656.0,125.0
2,Induction chemotherapy with chemoradiotherapy,84.66206896551724,0.7060439560439561,657.0,125.0
2,Induction chemotherapy with chemoradiotherapy,84.84413793103448,0.7060439560439561,658.0,127.0
2,Induction chemotherapy with chemoradiotherapy,85.02620689655173,0.7060439560439561,659.0,40.0
2,Induction chemotherapy with chemoradiotherapy,85.20827586206896,0.7060439560439561,660.0,40.0
2,Induction chemotherapy with chemoradiotherapy,85.3903448275862,0.7060439560439561,661.0,40.0
2,Induction chemotherapy with chemoradiotherapy,85.57241379310344,0.7060439560439561,662.0,127.0
2,Induction chemotherapy with chemoradiotherapy,85.7544827586207,0.7060439560439561,663.0,127.0
2,Induction chemotherapy with chemoradiotherapy,85.93655172413793,0.7060439560439561,664.0,125.0
2,Induction chemotherapy with chemoradiotherapy,86.11862068965517,0.7060439560439561,665.0,125.0
2,Induction chemotherapy with chemoradiotherapy,86.30068965517242,0.7060439560439561,666.0,125.0
2,Induction chemotherapy with chemoradiotherapy,86.48275862068965,0.7060439560439561,667.0,125.0
2,Induction chemotherapy with chemoradiotherapy,86.6648275862069,0.7060439560439561,668.0,125.0
2,Induction chemotherapy with chemoradiotherapy,86.84689655172413,0.7060439560439561,669.0,125.0
2,Induction chemotherapy with chemoradiotherapy,87.02896551724137,0.7060439560439561,670.0,125.0
2,Induction chemotherapy with chemoradiotherapy,87.21103448275863,0.7060439560439561,671.0,125.0
2,Induction chemotherapy with chemoradiotherapy,87.39310344827587,0.7060439560439561,672.0,125.0
2,Induction chemotherapy with chemoradiotherapy,87.57517241379311,0.7060439560439561,673.0,125.0
2,Induction chemotherapy with chemoradiotherapy,87.75724137931034,0.7060439560439561,674.0,123.0
2,Induction chemotherapy with chemoradiotherapy,87.93931034482759,0.7060439560439561,675.0,125.0
2,Induction chemotherapy with chemoradiotherapy,88.12137931034482,0.7060439560439561,676.0,125.0
2,Induction chemotherapy with chemoradiotherapy,88.30344827586207,0.7060439560439561,677.0,127.0
2,Induction chemotherapy with chemoradiotherapy,88.48551724137931,0.7060439560439561,678.0,127.0
2,Induction chemotherapy with chemoradiotherapy,88.66758620689654,0.7060439560439561,679.0,125.0
2,Induction chemotherapy with chemoradiotherapy,88.8496551724138,0.7060439560439561,680.0,125.0
2,Induction chemotherapy with chemoradiotherapy,89.03172413793104,0.7060439560439561,681.0,125.0
2,Induction chemotherapy with chemoradiotherapy,89.21379310344828,0.7060439560439561,682.0,125.0
2,Induction chemotherapy with chemoradiotherapy,89.39586206896551,0.7060439560439561,683.0,125.0
2,Induction chemotherapy with chemoradiotherapy,89.57793103448276,0.7060439560439561,684.0,125.0
2,Induction chemotherapy with chemoradiotherapy,89.76,0.7060439560439561,685.0,125.0
2,Induction chemotherapy with chemoradiotherapy,89.94206896551724,0.7060439560439561,686.0,125.0
2,Induction chemotherapy with chemoradiotherapy,90.12413793103448,0.7060439560439561,687.0,125.0
2,Induction chemotherapy with chemoradiotherapy,90.30620689655171,0.7060439560439561,688.0,125.0
2,Induction chemotherapy with chemoradiotherapy,90.48827586206897,0.7060439560439561,689.0,125.0
2,Induction chemotherapy with chemoradiotherapy,90.6703448275862,0.7060439560439561,690.0,125.0
2,Induction chemotherapy with chemoradiotherapy,90.85241379310345,0.7060439560439561,691.0,125.0
2,Induction chemotherapy with chemoradiotherapy,91.0344827586207,0.7060439560439561,692.0,125.0
2,Induction chemotherapy with chemoradiotherapy,91.21655172413793,0.7060439560439561,693.0,125.0
2,Induction chemotherapy with chemoradiotherapy,91.39862068965517,0.7060439560439561,694.0,127.0
2,Induction chemotherapy with chemoradiotherapy,91.5806896551724,0.7060439560439561,695.0,127.0
2,Induction chemotherapy with chemoradiotherapy,91.76275862068965,0.7060439560439561,696.0,125.0
2,Induction chemotherapy with chemoradiotherapy,91.94482758620688,0.7060439560439561,697.0,125.0
2,Induction chemotherapy with chemoradiotherapy,92.12689655172414,0.7060439560439561,698.0,125.0
2,Induction chemotherapy with chemoradiotherapy,92.30896551724139,0.7060439560439561,699.0,125.0
2,Induction chemotherapy with chemoradiotherapy,92.49103448275862,0.7060439560439561,700.0,125.0
2,Induction chemotherapy with chemoradiotherapy,92.67310344827587,0.7060439560439561,701.0,125.0
2,Induction chemotherapy with chemoradiotherapy,92.8551724137931,0.7060439560439561,702.0,125.0
2,Induction chemotherapy with chemoradiotherapy,93.03724137931034,0.7060439560439561,703.0,125.0
2,Induction chemotherapy with chemoradiotherapy,93.21931034482758,0.7060439560439561,704.0,125.0
2,Induction chemotherapy with chemoradiotherapy,93.40137931034482,0.7060439560439561,705.0,125.0
2,Induction chemotherapy with chemoradiotherapy,93.58344827586207,0.7060439560439561,706.0,125.0
2,Induction chemotherapy with chemoradiotherapy,93.76551724137931,0.7060439560439561,707.0,125.0
2,Induction chemotherapy with chemoradiotherapy,93.94758620689656,0.7060439560439561,708.0,125.0
2,Induction chemotherapy with chemoradiotherapy,94.12965517241379,0.7060439560439561,709.0,125.0
2,Induction chemotherapy with chemoradiotherapy,94.31172413793104,0.6923076923076923,710.0,126.0
2,Induction chemotherapy with chemoradiotherapy,94.49379310344828,0.6923076923076923,711.0,132.0
2,Induction chemotherapy with chemoradiotherapy,94.67586206896551,0.6923076923076923,712.0,132.0
2,Induction chemotherapy with chemoradiotherapy,94.85793103448276,0.6923076923076923,713.0,132.0
2,Induction chemotherapy with chemoradiotherapy,95.03999999999999,0.6923076923076923,714.0,132.0
2,Induction chemotherapy with chemoradiotherapy,95.22206896551724,0.6923076923076923,715.0,132.0
2,Induction chemotherapy with chemoradiotherapy,95.40413793103448,0.6923076923076923,716.0,132.0
2,Induction chemotherapy with chemoradiotherapy,95.58620689655173,0.6923076923076923,717.0,132.0
2,Induction chemotherapy with chemoradiotherapy,95.76827586206898,0.6923076923076923,718.0,132.0
2,Induction chemotherapy with chemoradiotherapy,95.9503448275862,0.6923076923076923,719.0,132.0
2,Induction chemotherapy with chemoradiotherapy,96.13241379310345,0.6923076923076923,720.0,132.0
2,Induction chemotherapy with chemoradiotherapy,96.31448275862068,0.6923076923076923,721.0,132.0
2,Induction chemotherapy with chemoradiotherapy,96.49655172413793,0.6923076923076923,722.0,132.0
2,Induction chemotherapy with chemoradiotherapy,96.67862068965516,0.6923076923076923,723.0,132.0
2,Induction chemotherapy with chemoradiotherapy,96.86068965517241,0.6923076923076923,724.0,132.0
2,Induction chemotherapy with chemoradiotherapy,97.04275862068967,0.6923076923076923,725.0,132.0
2,Induction chemotherapy with chemoradiotherapy,97.2248275862069,0.6923076923076923,726.0,132.0
2,Induction chemotherapy with chemoradiotherapy,97.40689655172415,0.6923076923076923,727.0,132.0
2,Induction chemotherapy with chemoradiotherapy,97.58896551724138,0.6923076923076923,728.0,132.0
2,Induction chemotherapy with chemoradiotherapy,97.77103448275862,0.6923076923076923,729.0,132.0
2,Induction chemotherapy with chemoradiotherapy,97.95310344827585,0.6923076923076923,730.0,132.0
2,Induction chemotherapy with chemoradiotherapy,98.1351724137931,0.6923076923076923,731.0,132.0
2,Induction chemotherapy with chemoradiotherapy,98.31724137931035,0.6923076923076923,732.0,132.0
2,Induction chemotherapy with chemoradiotherapy,98.49931034482758,0.6923076923076923,733.0,132.0
2,Induction chemotherapy with chemoradiotherapy,98.68137931034484,0.6923076923076923,734.0,132.0
2,Induction chemotherapy with chemoradiotherapy,98.86344827586207,0.6923076923076923,735.0,132.0
2,Induction chemotherapy with chemoradiotherapy,99.04551724137932,0.6923076923076923,736.0,132.0
2,Induction chemotherapy with chemoradiotherapy,99.22758620689655,0.6923076923076923,737.0,132.0
2,Induction chemotherapy with chemoradiotherapy,99.40965517241379,0.6813186813186813,738.0,132.0
2,Induction chemotherapy with chemoradiotherapy,99.59172413793104,0.6813186813186813,739.0,136.0
2,Induction chemotherapy with chemoradiotherapy,99.77379310344827,0.6813186813186813,740.0,136.0
2,Induction chemotherapy with chemoradiotherapy,99.95586206896552,0.6813186813186813,741.0,136.0
2,Induction chemotherapy with chemoradiotherapy,100.13793103448275,0.6813186813186813,742.0,136.0
2,Induction chemotherapy with chemoradiotherapy,100.32000000000001,0.6813186813186813,743.0,136.0
2,Induction chemotherapy with chemoradiotherapy,100.50206896551724,0.6813186813186813,744.0,136.0
2,Induction chemotherapy with chemoradiotherapy,100.68413793103448,0.6813186813186813,745.0,136.0
2,Induction chemotherapy with chemoradiotherapy,100.86620689655173,0.6813186813186813,746.0,136.0
2,Induction chemotherapy with chemoradiotherapy,101.04827586206896,0.6813186813186813,747.0,136.0
2,Induction chemotherapy with chemoradiotherapy,101.23034482758621,0.6813186813186813,748.0,136.0
2,Induction chemotherapy with chemoradiotherapy,101.41241379310344,0.6813186813186813,749.0,136.0
2,Induction chemotherapy with chemoradiotherapy,101.59448275862069,0.6813186813186813,750.0,136.0
2,Induction chemotherapy with chemoradiotherapy,101.77655172413793,0.6813186813186813,751.0,136.0
2,Induction chemotherapy with chemoradiotherapy,101.95862068965518,0.6813186813186813,752.0,136.0
2,Induction chemotherapy with chemoradiotherapy,102.14068965517242,0.6813186813186813,753.0,136.0
2,Induction chemotherapy with chemoradiotherapy,102.32275862068965,0.6813186813186813,754.0,136.0
2,Induction chemotherapy with chemoradiotherapy,102.5048275862069,0.6813186813186813,755.0,136.0
2,Induction chemotherapy with chemoradiotherapy,102.68689655172413,0.6813186813186813,756.0,136.0
2,Induction chemotherapy with chemoradiotherapy,102.86896551724138,0.6813186813186813,757.0,136.0
2,Induction chemotherapy with chemoradiotherapy,103.05103448275862,0.6813186813186813,758.0,136.0
2,Induction chemotherapy with chemoradiotherapy,103.23310344827586,0.6813186813186813,759.0,136.0
2,Induction chemotherapy with chemoradiotherapy,103.4151724137931,0.6813186813186813,760.0,136.0
2,Induction chemotherapy with chemoradiotherapy,103.59724137931035,0.6813186813186813,761.0,136.0
2,Induction chemotherapy with chemoradiotherapy,103.77931034482759,0.6813186813186813,762.0,136.0
2,Induction chemotherapy with chemoradiotherapy,103.96137931034482,0.6813186813186813,763.0,136.0
2,Induction chemotherapy with chemoradiotherapy,104.14344827586207,0.6813186813186813,764.0,136.0
2,Induction chemotherapy with chemoradiotherapy,104.32551724137932,0.6813186813186813,765.0,136.0
2,Induction chemotherapy with chemoradiotherapy,104.50758620689655,0.6813186813186813,766.0,136.0
2,Induction chemotherapy with chemoradiotherapy,104.6896551724138,0.6813186813186813,767.0,136.0
2,Induction chemotherapy with chemoradiotherapy,104.87172413793103,0.6813186813186813,768.0,136.0
2,Induction chemotherapy with chemoradiotherapy,105.05379310344827,0.6813186813186813,769.0,136.0
2,Induction chemotherapy with chemoradiotherapy,105.23586206896552,0.6813186813186813,770.0,136.0
2,Induction chemotherapy with chemoradiotherapy,105.41793103448276,0.6813186813186813,771.0,135.0
2,Induction chemotherapy with chemoradiotherapy,105.60000000000001,0.6813186813186813,772.0,135.0
2,Induction chemotherapy with chemoradiotherapy,105.78206896551724,0.6813186813186813,773.0,135.0
2,Induction chemotherapy with chemoradiotherapy,105.96413793103449,0.6813186813186813,774.0,135.0
2,Induction chemotherapy with chemoradiotherapy,106.14620689655172,0.6813186813186813,775.0,135.0
2,Induction chemotherapy with chemoradiotherapy,106.32827586206896,0.6813186813186813,776.0,135.0
2,Induction chemotherapy with chemoradiotherapy,106.5103448275862,0.6813186813186813,777.0,135.0
2,Induction chemotherapy with chemoradiotherapy,106.69241379310344,0.6813186813186813,778.0,132.0
2,Induction chemotherapy with chemoradiotherapy,106.8744827586207,0.6813186813186813,779.0,132.0
2,Induction chemotherapy with chemoradiotherapy,107.05655172413793,0.6813186813186813,780.0,132.0
2,Induction chemotherapy with chemoradiotherapy,107.23862068965518,0.6813186813186813,781.0,132.0
2,Induction chemotherapy with chemoradiotherapy,107.42068965517241,0.6813186813186813,782.0,132.0
2,Induction chemotherapy with chemoradiotherapy,107.60275862068966,0.6813186813186813,783.0,132.0
2,Induction chemotherapy with chemoradiotherapy,107.7848275862069,0.6813186813186813,784.0,132.0
2,Induction chemotherapy with chemoradiotherapy,107.96689655172413,0.6813186813186813,785.0,132.0
2,Induction chemotherapy with chemoradiotherapy,108.14896551724138,0.6813186813186813,786.0,132.0
2,Induction chemotherapy with chemoradiotherapy,108.33103448275861,0.6813186813186813,787.0,132.0
2,Induction chemotherapy with chemoradiotherapy,108.51310344827587,0.6813186813186813,788.0,133.0
2,Induction chemotherapy with chemoradiotherapy,108.6951724137931,0.6813186813186813,789.0,133.0
2,Induction chemotherapy with chemoradiotherapy,108.87724137931035,0.6813186813186813,790.0,133.0
2,Induction chemotherapy with chemoradiotherapy,109.0593103448276,0.6813186813186813,791.0,133.0
2,Induction chemotherapy with chemoradiotherapy,109.24137931034483,0.6813186813186813,792.0,133.0
2,Induction chemotherapy with chemoradiotherapy,109.42344827586207,0.6813186813186813,793.0,133.0
2,Induction chemotherapy with chemoradiotherapy,109.6055172413793,0.6813186813186813,794.0,133.0
2,Induction chemotherapy with chemoradiotherapy,109.78758620689655,0.6813186813186813,795.0,133.0
2,Induction chemotherapy with chemoradiotherapy,109.96965517241378,0.6813186813186813,796.0,133.0
2,Induction chemotherapy with chemoradiotherapy,110.15172413793104,0.6813186813186813,797.0,133.0
2,Induction chemotherapy with chemoradiotherapy,110.33379310344829,0.6813186813186813,798.0,133.0
2,Induction chemotherapy with chemoradiotherapy,110.51586206896552,0.6813186813186813,799.0,133.0
2,Induction chemotherapy with chemoradiotherapy,110.69793103448276,0.6813186813186813,800.0,133.0
2,Induction chemotherapy with chemoradiotherapy,110.88,0.6813186813186813,801.0,133.0
2,Induction chemotherapy with chemoradiotherapy,111.06206896551724,0.6813186813186813,802.0,133.0
2,Induction chemotherapy with chemoradiotherapy,111.24413793103447,0.6813186813186813,803.0,133.0
2,Induction chemotherapy with chemoradiotherapy,111.42620689655172,0.6813186813186813,804.0,133.0
2,Induction chemotherapy with chemoradiotherapy,111.60827586206898,0.6813186813186813,805.0,133.0
2,Induction chemotherapy with chemoradiotherapy,111.79034482758621,0.6813186813186813,806.0,133.0
2,Induction chemotherapy with chemoradiotherapy,111.97241379310346,0.6813186813186813,807.0,133.0
2,Induction chemotherapy with chemoradiotherapy,112.15448275862069,0.6813186813186813,808.0,133.0
2,Induction chemotherapy with chemoradiotherapy,112.33655172413793,0.6813186813186813,809.0,133.0
2,Induction chemotherapy with chemoradiotherapy,112.51862068965517,0.6813186813186813,810.0,135.0
2,Induction chemotherapy with chemoradiotherapy,112.70068965517241,0.6813186813186813,811.0,135.0
2,Induction chemotherapy with chemoradiotherapy,112.88275862068966,0.6813186813186813,812.0,135.0
2,Induction chemotherapy with chemoradiotherapy,113.06482758620689,0.6813186813186813,813.0,135.0
2,Induction chemotherapy with chemoradiotherapy,113.24689655172415,0.6813186813186813,814.0,135.0
2,Induction chemotherapy with chemoradiotherapy,113.42896551724138,0.6813186813186813,815.0,135.0
2,Induction chemotherapy with chemoradiotherapy,113.61103448275863,0.6813186813186813,816.0,135.0
2,Induction chemotherapy with chemoradiotherapy,113.79310344827586,0.6813186813186813,817.0,135.0
2,Induction chemotherapy with chemoradiotherapy,113.9751724137931,0.6813186813186813,818.0,135.0
2,Induction chemotherapy with chemoradiotherapy,114.15724137931035,0.6813186813186813,819.0,135.0
2,Induction chemotherapy with chemoradiotherapy,114.33931034482758,0.6813186813186813,820.0,135.0
2,Induction chemotherapy with chemoradiotherapy,114.52137931034483,0.6813186813186813,821.0,135.0
2,Induction chemotherapy with chemoradiotherapy,114.70344827586206,0.6813186813186813,822.0,135.0
2,Induction chemotherapy with chemoradiotherapy,114.88551724137932,0.6813186813186813,823.0,135.0
2,Induction chemotherapy with chemoradiotherapy,115.06758620689656,0.6813186813186813,824.0,135.0
2,Induction chemotherapy with chemoradiotherapy,115.2496551724138,0.6813186813186813,825.0,135.0
2,Induction chemotherapy with chemoradiotherapy,115.43172413793104,0.6813186813186813,826.0,135.0
2,Induction chemotherapy with chemoradiotherapy,115.61379310344827,0.6813186813186813,827.0,135.0
2,Induction chemotherapy with chemoradiotherapy,115.79586206896552,0.6813186813186813,828.0,135.0
2,Induction chemotherapy with chemoradiotherapy,115.97793103448275,0.6813186813186813,829.0,135.0
2,Induction chemotherapy with chemoradiotherapy,116.16,0.6813186813186813,830.0,135.0
2,Induction chemotherapy with chemoradiotherapy,116.34206896551724,0.6813186813186813,831.0,135.0
2,Induction chemotherapy with chemoradiotherapy,116.52413793103449,0.6813186813186813,832.0,135.0
2,Induction chemotherapy with chemoradiotherapy,116.70620689655173,0.6813186813186813,833.0,136.0
2,Induction chemotherapy with chemoradiotherapy,116.88827586206897,0.6813186813186813,834.0,136.0
2,Induction chemotherapy with chemoradiotherapy,117.07034482758621,0.6813186813186813,835.0,136.0
2,Induction chemotherapy with chemoradiotherapy,117.25241379310344,0.6813186813186813,836.0,136.0
2,Induction chemotherapy with chemoradiotherapy,117.43448275862069,0.6813186813186813,837.0,136.0
2,Induction chemotherapy with chemoradiotherapy,117.61655172413793,0.6813186813186813,838.0,136.0
2,Induction chemotherapy with chemoradiotherapy,117.79862068965517,0.6813186813186813,839.0,136.0
2,Induction chemotherapy with chemoradiotherapy,117.98068965517241,0.6813186813186813,840.0,136.0
2,Induction chemotherapy with chemoradiotherapy,118.16275862068966,0.6813186813186813,841.0,136.0
2,Induction chemotherapy with chemoradiotherapy,118.3448275862069,0.6813186813186813,842.0,136.0
2,Induction chemotherapy with chemoradiotherapy,118.52689655172414,0.6813186813186813,843.0,136.0
2,Induction chemotherapy with chemoradiotherapy,118.70896551724138,0.6813186813186813,844.0,136.0
2,Induction chemotherapy with chemoradiotherapy,118.89103448275863,0.6813186813186813,845.0,136.0
2,Induction chemotherapy with chemoradiotherapy,119.07310344827586,0.6813186813186813,846.0,136.0
2,Induction chemotherapy with chemoradiotherapy,119.2551724137931,0.6813186813186813,847.0,136.0
2,Induction chemotherapy with chemoradiotherapy,119.43724137931034,0.6813186813186813,848.0,136.0
2,Induction chemotherapy with chemoradiotherapy,119.61931034482758,0.6813186813186813,849.0,136.0
2,Induction chemotherapy with chemoradiotherapy,119.80137931034483,0.6813186813186813,850.0,136.0
2,Induction chemotherapy with chemoradiotherapy,119.98344827586207,0.6813186813186813,851.0,136.0
2,Induction chemotherapy with chemoradiotherapy,120.16551724137932,0.6813186813186813,852.0,136.0
2,Induction chemotherapy with chemoradiotherapy,120.34758620689655,0.6813186813186813,853.0,136.0
2,Induction chemotherapy with chemoradiotherapy,120.5296551724138,0.6813186813186813,854.0,136.0
2,Induction chemotherapy with chemoradiotherapy,120.71172413793103,0.6813186813186813,855.0,136.0
2,Induction chemotherapy with chemoradiotherapy,120.89379310344827,0.6813186813186813,856.0,136.0
2,Induction chemotherapy with chemoradiotherapy,121.0758620689655,0.6813186813186813,857.0,136.0
2,Induction chemotherapy with chemoradiotherapy,121.25793103448275,0.6813186813186813,858.0,136.0
2,Induction chemotherapy with chemoradiotherapy,121.44000000000001,0.6813186813186813,859.0,136.0
2,Induction chemotherapy with chemoradiotherapy,121.62206896551724,0.6813186813186813,860.0,136.0
2,Induction chemotherapy with chemoradiotherapy,121.80413793103449,0.6813186813186813,861.0,136.0
2,Induction chemotherapy with chemoradiotherapy,121.98620689655172,0.6813186813186813,862.0,136.0
2,Induction chemotherapy with chemoradiotherapy,122.16827586206897,0.6813186813186813,863.0,136.0
2,Induction chemotherapy with chemoradiotherapy,122.35034482758621,0.6813186813186813,864.0,136.0
2,Induction chemotherapy with chemoradiotherapy,122.53241379310344,0.6813186813186813,865.0,136.0
2,Induction chemotherapy with chemoradiotherapy,122.71448275862069,0.6813186813186813,866.0,136.0
2,Induction chemotherapy with chemoradiotherapy,122.89655172413792,0.6813186813186813,867.0,136.0
2,Induction chemotherapy with chemoradiotherapy,123.07862068965518,0.6813186813186813,868.0,136.0
2,Induction chemotherapy with chemoradiotherapy,123.26068965517241,0.6813186813186813,869.0,136.0
2,Induction chemotherapy with chemoradiotherapy,123.44275862068966,0.6813186813186813,870.0,136.0
